original_url,resolved_url,status_code
https://www.austin-rapp.com/shareholders/wesley-l-austin,https://austin-rapp.com/shareholders/wesley-l-austin/,200
https://www.austin-rapp.com/shareholders/wesley-l-austin,https://austin-rapp.com/shareholders/wesley-l-austin/,200
https://www.austin-rapp.com/shareholders/wesley-l-austin,https://austin-rapp.com/shareholders/wesley-l-austin/,200
https://www.michaelbest.com/People/Christopher-B-Austin,https://www.michaelbest.com/People/Christopher-B-Austin,404
https://www.michaelbest.com/People/Christopher-B-Austin,https://www.michaelbest.com/People/Christopher-B-Austin,404
https://www.michaelbest.com/People/Christopher-B-Austin,https://www.michaelbest.com/People/Christopher-B-Austin,404
https://www.martindale.com/attorney/james-exon-austin-167572/,https://www.martindale.com/attorney/ramon-rossi-lopez-167572/,200
https://www.wavsip.com/people/,https://www.wavsip.com/people/,200
https://www.martindale.com/attorney/james-exon-austin-167572/,https://www.martindale.com/attorney/ramon-rossi-lopez-167572/,200
https://www.martindale.com/attorney/james-exon-austin-167572/,https://www.martindale.com/attorney/ramon-rossi-lopez-167572/,200
https://www.reinhartlaw.com/people/joel-a-austin,https://www.reinhartlaw.com/people/joel-a-austin,200
https://www.reinhartlaw.com/people/joel-a-austin,https://www.reinhartlaw.com/people/joel-a-austin,200
https://www.reinhartlaw.com/people/joel-a-austin,https://www.reinhartlaw.com/people/joel-a-austin,200
https://vertexaisearch.cloud.google.com/grounding-api-redirect/AUZIYQEyq-M3TGkkD0JqCDCpH-Gd9WQFuuCHYk6TrruDr1k0oOfKsdmk25ErRVeSlSHQ94SiXGpYHS4JqPFmCGxQl-BaQFdeKD1i6qcm0sshwZyXfmxNfRFRn3gPYynpkcxeZVSk5OGXLrKVn9tMLjwLm-Q25Q==,https://vertexaisearch.cloud.google.com/grounding-api-redirect/AUZIYQEyq-M3TGkkD0JqCDCpH-Gd9WQFuuCHYk6TrruDr1k0oOfKsdmk25ErRVeSlSHQ94SiXGpYHS4JqPFmCGxQl-BaQFdeKD1i6qcm0sshwZyXfmxNfRFRn3gPYynpkcxeZVSk5OGXLrKVn9tMLjwLm-Q25Q==,404
https://vertexaisearch.cloud.google.com/grounding-api-redirect/AUZIYQEyq-M3TGkkD0JqCDCpH-Gd9WQFuuCHYy6TrruDr1k0oOfKsdmk25ErRVeSlSHQ94SiXGpYHS4JqPFmCGxQl-BaQFdeKD1i6qcm0sshwZyXfmxNfRFRn3gPYynpkcxeZVSk5OGXLrKVn9tMLjwLm-Q25Q==,https://vertexaisearch.cloud.google.com/grounding-api-redirect/AUZIYQEyq-M3TGkkD0JqCDCpH-Gd9WQFuuCHYy6TrruDr1k0oOfKsdmk25ErRVeSlSHQ94SiXGpYHS4JqPFmCGxQl-BaQFdeKD1i6qcm0sshwZyXfmxNfRFRn3gPYynpkcxeZVSk5OGXLrKVn9tMLjwLm-Q25Q==,404
https://vertexaisearch.cloud.google.com/grounding-api-redirect/AUZIYQEyq-M3TGkkD0JqCDCpH-Gd9WQFuuCHYk6TrruDr1k0oOfKsdmk25ErRVeSlSHQ94SiXGpYHS4JqPFmCGxQl-BaQFdeKD1i6qcm0sshwZyXfmxNfRFRn3gPYynpkcxeZVSk5OGXLrKVn9tMLjwLm-Q25Q==,https://vertexaisearch.cloud.google.com/grounding-api-redirect/AUZIYQEyq-M3TGkkD0JqCDCpH-Gd9WQFuuCHYk6TrruDr1k0oOfKsdmk25ErRVeSlSHQ94SiXGpYHS4JqPFmCGxQl-BaQFdeKD1i6qcm0sshwZyXfmxNfRFRn3gPYynpkcxeZVSk5OGXLrKVn9tMLjwLm-Q25Q==,404
https://vertexaisearch.cloud.google.com/grounding-api-redirect/AUZIYQEyq-M3TGkkD0JqCDCpH-Gd9WQFuuCHYk6TrruDr1k0oOfKsdmk25ErRVeSlSHQ94SiXGpYHS4JqPFmCGxQl-BaQFdeKD1i6qcm0sshwZyXfmxNfRFRn3gPYynpkcxeZVSk5OGXLrKVn9tMLjwLm-Q25Q==,https://vertexaisearch.cloud.google.com/grounding-api-redirect/AUZIYQEyq-M3TGkkD0JqCDCpH-Gd9WQFuuCHYk6TrruDr1k0oOfKsdmk25ErRVeSlSHQ94SiXGpYHS4JqPFmCGxQl-BaQFdeKD1i6qcm0sshwZyXfmxNfRFRn3gPYynpkcxeZVSk5OGXLrKVn9tMLjwLm-Q25Q==,404
https://www.taftlaw.com/people/stephen-r-auten,https://www.taftlaw.com/people/stephen-r-auten,403
https://www.taftlaw.com/people/stephen-r-auten,https://www.taftlaw.com/people/stephen-r-auten,403
https://vertexaisearch.cloud.google.com/grounding-api-redirect/AUZIYQE0TF_FPwAcRawI4HYV5brzFisvMOcMLitLuF_hO3nv7I30RUq8sG81OzGxF6DcsVWxMkivtDFq9AJYEGhUYkqEvs4OUd5v1pgTd_3phmqyR1qN4YTcXNeqh9-GOzjo55LGezGOmfQVuLX5Kg==,https://sswip.com/our-professionals/sophia-auten/,403
https://vertexaisearch.cloud.google.com/grounding-api-redirect/AUZIYQE0TF_FPwAcRawI4HYV5brzFisvMOcMLitLuF_hO3nv7I30RUq8sG81OzGxF6DcsVWxMkivtDFq9AJYEGhUYkqEvs4OUd5v1pgTd_3phmqyR1qN4YTcXNeqh9-GOzjo55LGezGOmfQVuLX5Kg==,https://sswip.com/our-professionals/sophia-auten/,403
https://vertexaisearch.cloud.google.com/grounding-api-redirect/AUZIYQE0TF_FPwAcRawI4HYV5brzFisvMOcMLitLuF_hO3nv7I30RUq8sG81OzGxF6DcsVWxMkivtDFq9AJYEGhUYkqEvs4OUd5v1pgTd_3phmqyR1qN4YTcXNeqh9-GOzjo55LGezGOmfQVuLX5Kg==,https://sswip.com/our-professionals/sophia-auten/,403
https://www.pearlcohen.com/professionals/kyle-auteri/,https://www.pearlcohen.com/team-member/kyle-auteri/,200
https://www.pearlcohen.com/professionals/kyle-auteri/,https://www.pearlcohen.com/team-member/kyle-auteri/,200
https://www.pearlcohen.com/professionals/kyle-auteri/,https://www.pearlcohen.com/team-member/kyle-auteri/,200
https://vertexaisearch.cloud.google.com/grounding-api-redirect/AUZIYQFmryNH4SyTu12kdVclZP1EbNx3W7xq5tMGjj76qyVU6DWzTi4fpqioguXg9RFjqBPx_P6j4ZW4mdQ9HPLg6eCA0ghzG1O9_0PWy3oxUWEkMHVNLsu3aJohU3lKTnOA2pI6BqwWWVQfiaJaXeGTm4lbX18=,https://davisgraham.com/our-professionals/dorothy-auth/,403
https://vertexaisearch.cloud.google.com/grounding-api-redirect/AUZIYQFzMHpk4-UQslDA7xP1Tgf5qhW6K2QGl05ec8nuYjR9Sm-mh6Y1IYb7r0X7IrEu9MOKR5IyhBnKSRQ50NDQY-ghDc7y9lc8aA9k6Bpk9eKEiuJ5mIHiXg7gXpvvEuX5KnbSTp7Bqv8DIf_trzjLAdZ5fy1FwKDMhOM=,https://davisgraham.com/wp-content/uploads/2024/01/Auth-1.pdf,403
https://vertexaisearch.cloud.google.com/grounding-api-redirect/AUZIYQEL43x3pyQPV-yWU9c657nmjXnIAtK85fw9ielblbi5646r6Ks7K1XYoWq1esuWCJLIF56M5pJfFzRJRUPT4huet1Kz4BKzirubyQ6hYIwwnCD6E2DuG339a2HJDU-PKAXz4b_1KqwhK5tc5co8Imb6XaTG7IG9DJHOciSnqPaj6P_H,https://davisgraham.com/news-events/dorothy-auth-joins-dgs-partnership/,403
https://vertexaisearch.cloud.google.com/grounding-api-redirect/AUZIYQE-akRTewD7IskyZBAlt7HgD4UvLYNTcTNwRtZkwiL5evWc7PtbFAmwq_jyN6lFN7OgCt3JQvWyMMcBM_LEb7zFx1Xi1-MM0xZ2zmkkD9r0plW81VbM-ZN3zntENMJpQRcDAQrJRZ57DHUO3a1QVtuH7e_2ypE=,https://fordhamipinstitute.com/wp-content/uploads/Auth.pdf,200
https://vertexaisearch.cloud.google.com/grounding-api-redirect/AUZIYQFmryNH4SyTu12kdVclZP1EbNx3W7xq5tMGjj76qyVU6DWzTi4fpqioguXg9RFjqBPx_P6j4ZW4mdQ9HPLg6eCA0ghzG1O9_0PWy3oxUWEkMHVNLsu3aJohU3lKTnOA2pI6BqwWWVQfiaJaXeGTm4lbX18=,https://davisgraham.com/our-professionals/dorothy-auth/,403
https://vertexaisearch.cloud.google.com/grounding-api-redirect/AUZIYQFmryNH4SyTu12kdVclZP1EbNx3W7xq5tMGjj76qyVU6DWzTi4fpqioguXg9RFjqBPx_P6j4ZW4mdQ9HPLg6eCA0ghzG1O9_0PWy3oxUWEkMHVNLsu3aJohU3lKTnOA2pI6BqwWWVQfiaJaXeGTm4lbX18=,https://davisgraham.com/our-professionals/dorothy-auth/,403
https://vertexaisearch.cloud.google.com/grounding-api-redirect/AUZIYQFmryNH4SyTu12kdVclZP1EbNx3W7xq5tMGjj76qyVU6DWzTi4fpqioguXg9RFjqBPx_P6j4ZW4mdQ9HPLg6eCA0ghzG1O9_0PWy3oxUWEkMHVNLsu3aJohU3lKTnOA2pI6BqwWWVQfiaJaXeGTm4lbX18=,https://davisgraham.com/our-professionals/dorothy-auth/,403
https://www.fr.com/people/michael-f-autuoro/,https://www.fr.com/people/michael-f-autuoro/,404
https://www.fr.com/people/michael-f-autuoro/,https://www.fr.com/people/michael-f-autuoro/,404
https://www.fr.com/people/michael-f-autuoro/,https://www.fr.com/people/michael-f-autuoro/,404
https://www.squirepattonboggs.com/en/professionals/a/auvil-steven-m,https://www.squirepattonboggs.com/en/professionals/a/auvil-steven-m,403
https://profiles.superlawyers.com/ohio/cleveland/lawyer/steven-auvil/3817f374-1246-4e08-bfb6-39823f66f91f.html,https://profiles.superlawyers.com/ohio/cleveland/lawyer/steven-auvil/3817f374-1246-4e08-bfb6-39823f66f91f.html,403
https://csulawhalloffame.org/steve-auvil/,https://csulawhalloffame.org/steve-auvil/,
"https://www.squirepattonboggs.com/en/professionals/a/auvil-steven-m, https://profiles.superlawyers.com/ohio/cleveland/lawyer/steven-auvil/3817f374-1246-4e08-bfb6-39823f66f91f.html, https://csulawhalloffame.org/steve-auvil/","https://www.squirepattonboggs.com/en/professionals/a/auvil-steven-m, https://profiles.superlawyers.com/ohio/cleveland/lawyer/steven-auvil/3817f374-1246-4e08-bfb6-39823f66f91f.html, https://csulawhalloffame.org/steve-auvil/",
"https://www.squirepattonboggs.com/en/professionals/a/auvil-steven-m, https://csulawhalloffame.org/steve-auvil/","https://www.squirepattonboggs.com/en/professionals/a/auvil-steven-m, https://csulawhalloffame.org/steve-auvil/",
https://vertexaisearch.cloud.google.com/grounding-api-redirect/AUZIYQFlSGrdv2VR10F9XjoP12xkUCGzSnd8L0hMsrn8WYZo04cfGDGmTVaBT7xuliN6tML5UiakZXdNIjuxMGEH_ld7FSSVCW4n4oQOovLCvcp6OeuCYfrUTV_0JBqrnlTq5e-a,https://gpatent.nfshost.com/stua3.html,200
https://vertexaisearch.cloud.google.com/grounding-api-redirect/AUZIYQFlSGrdv2VR10F9XjoP12xkUCGzSnd8L0hMsrn8WYZo04cfGDGmTVaBT7xuliN6tML5UiakZXdNIjuxMGEH_ld7FSSVCW4n4oQOovLCvcp6OeuCYfrUTV_0JBqrnlTq5e-a,https://gpatent.nfshost.com/stua3.html,200
https://vertexaisearch.cloud.google.com/grounding-api-redirect/AUZIYQFlSGrdv2VR10F9XjoP12xkUCGzSnd8L0hMsrn8WYZo04cfGDGmTVaBT7xuliN6tML5UiakZXdNIjuxMGEH_ld7FSSVCW4n4oQOovLCvcp6OeuCYfrUTV_0JBqrnlTq5e-a,https://gpatent.nfshost.com/stua3.html,200
https://vertexaisearch.cloud.google.com/grounding-api-redirect/AUZIYQF1Cj0AqDHpFR_TGMw8Odvzpa3NBBmGqGxqqOxBu1vFvi1YIQFHUASIOiK_SFc8EFGJFecyjgF3OPp12Cq2wjzW_88yWhXt6nG6tYPlaFws-gXG1TMb_TV0BXTanjTgwL4jCkkSGrid9Qia_M6C,https://ltlattorneys.com/attorneys/heather-auyang/,200
https://vertexaisearch.cloud.google.com/grounding-api-redirect/AUZIYQF1Cj0AqDHpFR_TGMw8Odvzpa3NBBmGqGxqqOxBu1vFvi1YIQFHUASIOiK_SFc8EFGJFecyjgF3OPp12Cq2wjzW_88yWhXt6nG6tYPlaFws-gXG1TMb_TV0BXTanjTgwL4jCkkSGrid9Qia_M6C,https://ltlattorneys.com/attorneys/heather-auyang/,200
https://vertexaisearch.cloud.google.com/grounding-api-redirect/AUZIYQF1Cj0AqDHpFR_TGMw8Odvzpa3NBBmGqGxqqOxBu1vFvi1YIQFHUASIOiK_SFc8EFGJFecyjgF3OPp12Cq2wjzW_88yWhXt6nG6tYPlaFws-gXG1TMb_TV0BXTanjTgwL4jCkkSGrid9Qia_M6C,https://ltlattorneys.com/attorneys/heather-auyang/,200
https://www.calbar.ca.gov/Attorneys/Attorney-Search/Profile?StateBarNumber=151662,https://www.calbar.ca.gov/Attorneys/Attorney-Search/Profile?StateBarNumber=151662,200
https://www.calbar.ca.gov/Attorneys/Attorney-Search/Profile?StateBarNumber=151662,https://www.calbar.ca.gov/Attorneys/Attorney-Search/Profile?StateBarNumber=151662,200
https://www.superlawyers.com/lawyer/patrick-avakian/f39c1b3f-d312-4277-a859-f241d7d02e0c.html,https://www.superlawyers.com/lawyer/patrick-avakian/f39c1b3f-d312-4277-a859-f241d7d02e0c.html,403
https://members.calbar.ca.gov/flash/member/displayMemberInfo.cfm?memberID=232101,https://members.calbar.ca.gov/errors/offline.aspx,200
https://www.patentbuddy.com/attorney/Avakian-Patrick-54971,http://www.patentbuddy.com/attorney/Avakian-Patrick-54971,404
https://www.superlawyers.com/lawyer/patrick-avakian/f39c1b3f-d312-4277-a859-f241d7d02e0c.html https://members.calbar.ca.gov/flash/member/displayMemberInfo.cfm?memberID=232101,https://members.calbar.ca.gov/errors/offline.aspx,200
https://vertexaisearch.cloud.google.com/grounding-api-redirect/AUZIYQHMkKXv0uiwRMZxX2_SO6YuetST0OkGG7LDBOjnxFJfKH35DoIInQH3i-5ofWJuno80DJbe-chSGoesHGaQ_j5HcAl6x8Cv9wzdKSILvMQAD-SZxELYjbn6IXeVkl7xMXzqUcAHmR70qJxJWwVcMLzq61z6uZoOjqI=,https://in.marketscreener.com/insider/PAMELA-AVALLONE-A29HA3/,200
https://vertexaisearch.cloud.google.com/grounding-api-redirect/AUZIYQHMkKXv0uiwRMZxX2_SO6YuetST0OkGG7LDBOjnxFJfKH35DoIInQH3i-5ofWJuno80DJbe-chSGoesHGaQ_j5HcAl6x8Cv9wzdKSILvMQAD-SZxELYjbn6IXeVkl7xMXzqUcAHmR70qJxJWwVcMLzq61z6uZoOjqI=,https://in.marketscreener.com/insider/PAMELA-AVALLONE-A29HA3/,200
https://vertexaisearch.cloud.google.com/grounding-api-redirect/AUZIYQHMkKXv0uiwRMZxX2_SO6YuetST0OkGG7LDBOjnxFJfKH35DoIInQH3i-5ofWJuno80DJbe-chSGoesHGaQ_j5HcAl6x8Cv9wzdKSILvMQAD-SZxELYjbn6IXeVkl7xMXzqUcAHmR70qJxJWwVcMLzq61z6uZoOjqI=,https://in.marketscreener.com/insider/PAMELA-AVALLONE-A29HA3/,200
https://vertexaisearch.cloud.google.com/grounding-api-redirect/AUZIYQHMkKXv0uiwRMZxX2_SO6YuetST0OkGG7LDBOjnxFJfKH35DoIInQH3i-5ofWJuno80DJbe-chSGoesHGaQ_j5HcAl6x8Cv9wzdKSILvMQAD-SZxELYjbn6IXeVkl7xMXzqUcAHmR70qJxJWwVcMLzq61z6uZoOjqI=,https://in.marketscreener.com/insider/PAMELA-AVALLONE-A29HA3/,200
https://vertexaisearch.cloud.google.com/grounding-api-redirect/AUZIYQHMkKXv0uiwRMZxX2_SO6YuetST0OkGG7LDBOjnxFJfKH35DoIInQH3i-5ofWJuno80DJbe-chSGoesHGaQ_j5HcAl6x8Cv9wzdKSILvMQAD-SZxELYjbn6IXeVkl7xMXzqUcAHmR70qJxJWwVcMLzq61z6uZoOjqI=,https://in.marketscreener.com/insider/PAMELA-AVALLONE-A29HA3/,200
https://www.fenwick.com/en-us/people/akshay-avantsa,https://www.fenwick.com/en-us/people/akshay-avantsa,404
https://vertexaisearch.cloud.google.com/grounding-api-redirect/AUZIYQHrXcqm3lJOzt2JQsQrpQnTYaUttaZ3cTfwhQZhOKNsyj6exraeckvXctOj6n6XF2_8tn_CRAU7ELgRIvmuqmrgZnIL76Z_16I9Wui_N6oLFF2V7a_ZmliSFijsFLAjk1FmV_ABaMPxdBzKZkPhnyhsM7PyloE=,https://apps.calbar.ca.gov/attorney/Licensee/Detail/352137,200
https://www.fenwick.com/en-us/people/akshay-avantsa,https://www.fenwick.com/en-us/people/akshay-avantsa,404
https://www.fenwick.com/en-us/people/akshay-avantsa,https://www.fenwick.com/en-us/people/akshay-avantsa,404
https://unipat.org/,https://unipat.org/,
https://unipat.org/,https://unipat.org/,
https://unipat.org/,https://unipat.org/,
https://www.desmaraisllp.com/professionals-Laura-Avena,https://www.desmaraisllp.com/professionals-Laura-Avena,404
https://www.desmaraisllp.com/professionals-Laura-Avena,https://www.desmaraisllp.com/professionals-Laura-Avena,404
https://www.desmaraisllp.com/professionals-Laura-Avena,https://www.desmaraisllp.com/professionals-Laura-Avena,404
https://www.dorsey.com/people/s/avena-steven,https://www.dorsey.com/people/s/avena-steven,403
https://www.dorsey.com/people/s/avena-steven,https://www.dorsey.com/people/s/avena-steven,403
https://www.dorsey.com/people/s/avena-steven,https://www.dorsey.com/people/s/avena-steven,403
https://www.dorsey.com/people/s/avena-steven,https://www.dorsey.com/people/s/avena-steven,403
https://vertexaisearch.cloud.google.com/grounding-api-redirect/AUZIYQEgdOEaC4WIsENWdhkrD4Qc1dZdaFDxf46j-W9kzlxh0topKhQZDcgJxyRyBShLy80NdvZSmsIiNeT1UzUxtaaUGXmE7r8fGqRCWHg5q1RBnB32CKgX24SboC5gGD2c6g==,https://www.hollandhart.com/soaavena,200
https://vertexaisearch.cloud.google.com/grounding-api-redirect/AUZIYQEgdOEaC4WIsENWdhkrD4Qc1dZdaFDxf46j-W9kzlxh0topKhQZDcgJxyRyBShLy80NdvZSmsIiNeT1UzUxtaaUGXmE7r8fGqRCWHg5q1RBnB32CKgX24SboC5gGD2c6g==,https://www.hollandhart.com/soaavena,200
https://vertexaisearch.cloud.google.com/grounding-api-redirect/AUZIYQEgdOEaC4WIsENWdhkrD4Qc1dZdaFDxf46j-W9kzlxh0topKhQZDcgJxyRyBShLy80NdvZSmsIiNeT1UzUxtaaUGXmE7r8fGqRCWHg5q1RBnB32CKgX24SboC5gGD2c6g==,https://www.hollandhart.com/soaavena,200
https://vertexaisearch.cloud.google.com/grounding-api-redirect/AUZIYQEgdOEaC4WIsENWdhkrD4Qc1dZdaFDxf46j-W9kzlxh0topKhQZDcgJxyRyBShLy80NdvZSmsIiNeT1UzUxtaaUGXmE7r8fGqRCWHg5q1RBnB32CKgX24SboC5gGD2c6g==,https://www.hollandhart.com/soaavena,200
https://vertexaisearch.cloud.google.com/grounding-api-redirect/AUZIYQEGYIYWVtZGuFiLU5A1E3yTsJTUMp-sMRSwUgBLDy2O7NMHIoyWW7JuGgNplcB5Ii7mHtjYq5njRXRkLpn5G2-lU36-TRq-SWRAU-O4JB8p2a3YQ7g7EFvJikemqLylePzCfBgp0v-Edg-V3Bw=,https://www.bakerbotts.com/people/a/avery-matthew,200
https://vertexaisearch.cloud.google.com/grounding-api-redirect/AUZIYQEGYIYWVtZGuFiLU5A1E3yTsJTUMp-sMRSwUgBLDy2O7NMHIoyWW7JuGgNplcB5Ii7mHtjYq5njRXRkLpn5G2-lU36-TRq-SWRAU-O4JB8p2a3YQ7g7EFvJikemqLylePzCfBgp0v-Edg-V3Bw=,https://www.bakerbotts.com/people/a/avery-matthew,200
https://vertexaisearch.cloud.google.com/grounding-api-redirect/AUZIYQEGYIYWVtZGuFiLU5A1E3yTsJTUMp-sMRSwUgBLDy2O7NMHIoyWW7JuGgNplcB5Ii7mHtjYq5njRXRkLpn5G2-lU36-TRq-SWRAU-O4JB8p2a3YQ7g7EFvJikemqLylePzCfBgp0v-Edg-V3Bw=,https://www.bakerbotts.com/people/a/avery-matthew,200
https://vertexaisearch.cloud.google.com/grounding-api-redirect/AUZIYQEGYIYWVtZGuFiLU5A1E3yTsJTUMp-sMRSwUgBLDy2O7NMHIoyWW7JuGgNplcB5Ii7mHtjYq5njRXRkLpn5G2-lU36-TRq-SWRAU-O4JB8p2a3YQ7g7EFvJikemqLylePzCfBgp0v-Edg-V3Bw=,https://www.bakerbotts.com/people/a/avery-matthew,200
https://vertexaisearch.cloud.google.com/grounding-api-redirect/AUZIYQEGYIYWVtZGuFiLU5A1E3yTsJTUMp-sMRSwUgBLDy2O7NMHIoyWW7JuGgNplcB5Ii7mHtjYq5njRXRkLpn5G2-lU36-TRq-SWRAU-O4JB8p2a3YQ7g7EFvJikemqLylePzCfBgp0v-Edg-V3Bw=,https://www.bakerbotts.com/people/a/avery-matthew,200
https://www.martindale.com/attorney/kenneth-paul-avila-158763073/,https://www.martindale.com/search/attorneys-law-firms-articles/?term=kenneth%20paul%20avila,200
https://inlandempirelawyers.com/attorney/kenneth-avila/,https://www.inlandempirelawyers.com/attorney/kenneth-avila/,404
https://www.makinginnovationcount.com/meet-the-lawyer,https://www.makinginnovationcount.com/meet-the-lawyer,404
https://connect.justia.com/lawyer/kenneth-avila-276801,https://connect.justia.com/lawyer/kenneth-avila-276801,403
https://www.martindale.com/attorney/kenneth-paul-avila-158763073/ https://inlandempirelawyers.com/attorney/kenneth-avila/,https://www.inlandempirelawyers.com/attorney/kenneth-avila/,404
https://inlandempirelawyers.com/attorney/kenneth-avila/ https://www.makinginnovationcount.com/meet-the-lawyer https://connect.justia.com/lawyer/kenneth-avila-276801,https://connect.justia.com/lawyer/kenneth-avila-276801,403
https://www.makinginnovationcount.com/meet-the-lawyer https://connect.justia.com/lawyer/kenneth-avila-276801,https://connect.justia.com/lawyer/kenneth-avila-276801,403
https://vertexaisearch.cloud.google.com/grounding-api-redirect/AUZIYQG3NLjYQsfuZSs52oniQym2OaZuxJcPWd2KQgNh12Zny6Jmnx0VcRC9atSnDdnjq3Fwx1eEXqSBG_KnvnA8I5CE6gNRlVWb0KYTn7VhUAjEpGWKwhOwk_7NU70GMIaX8H5LGCNqGSSWpJRXsm8fwLHPEGuJyytcUp0-,https://vertexaisearch.cloud.google.com/grounding-api-redirect/AUZIYQG3NLjYQsfuZSs52oniQym2OaZuxJcPWd2KQgNh12Zny6Jmnx0VcRC9atSnDdnjq3Fwx1eEXqSBG_KnvnA8I5CE6gNRlVWb0KYTn7VhUAjEpGWKwhOwk_7NU70GMIaX8H5LGCNqGSSWpJRXsm8fwLHPEGuJyytcUp0-,404
https://vertexaisearch.cloud.google.com/grounding-api-redirect/AUZIYQG3NLjYQsfuZSs52oniQym2OaZuxJcPWd2KQgNh12Zny6Jmnx0VcRC9atSnDdnjq3Fwx1eEXqSBG_KnvnA8I5CE6gNRlVWb0KYTn7VhUAjEpGWKwhOwk_7NU70GMIaX8H5LGCNqGSSWpJRXsm8fwLHPEGuJyytcUp0-,https://vertexaisearch.cloud.google.com/grounding-api-redirect/AUZIYQG3NLjYQsfuZSs52oniQym2OaZuxJcPWd2KQgNh12Zny6Jmnx0VcRC9atSnDdnjq3Fwx1eEXqSBG_KnvnA8I5CE6gNRlVWb0KYTn7VhUAjEpGWKwhOwk_7NU70GMIaX8H5LGCNqGSSWpJRXsm8fwLHPEGuJyytcUp0-,404
https://vertexaisearch.cloud.google.com/grounding-api-redirect/AUZIYQG3NLjYQsfuZSs52oniQym2OaZuxJcPWd2KQgNh12Zny6Jmnx0VcRC9atSnDdnjq3Fwx1eEXqSBG_KnvnA8I5CE6gNRlVWb0KYTn7VhUAjEpGWKwhOwk_7NU70GMIaX8H5LGCNqGSSWpJRXsm8fwLHPEGuJyytcUp0-,https://vertexaisearch.cloud.google.com/grounding-api-redirect/AUZIYQG3NLjYQsfuZSs52oniQym2OaZuxJcPWd2KQgNh12Zny6Jmnx0VcRC9atSnDdnjq3Fwx1eEXqSBG_KnvnA8I5CE6gNRlVWb0KYTn7VhUAjEpGWKwhOwk_7NU70GMIaX8H5LGCNqGSSWpJRXsm8fwLHPEGuJyytcUp0-,404
https://www.linkedin.com/in/danielle-avolio-esq-86b3a2a6/,https://www.linkedin.com/in/danielle-avolio-esq-86b3a2a6/,999
https://www.linkedin.com/in/danielle-avolio-esq-86b3a2a6/,https://www.linkedin.com/in/danielle-avolio-esq-86b3a2a6/,999
https://www.linkedin.com/in/danielle-avolio-esq-86b3a2a6/,https://www.linkedin.com/in/danielle-avolio-esq-86b3a2a6/,999
https://vertexaisearch.cloud.google.com/grounding-api-redirect/AUZIYQGlOoaM22EyWlqGofIlQOdTM2JTlETYDx-BVsCtIL0iUQQ5vcj0JsVrcM-oJEvC_mKXaspROYo_T1Q-PabT1Z_KCWiVGV5f_5ldJgTghQWIxfKUAxHwwKMFED4q6ROpVl2aDRlzgceqGtxVxXEU2NEy3P7gH1c=,https://apps.calbar.ca.gov/attorney/Licensee/Detail/803529,200
https://vertexaisearch.cloud.google.com/grounding-api-redirect/AUZIYQGlOoaM22EyWlqGofIlQOdTM2JTlETYDx-BVsCtIL0iUQQ5vcj0JsVrcM-oJEvC_mKXaspROYo_T1Q-PabT1Z_KCWiVGV5f_5ldJgTghQWIxfKUAxHwwKMFED4q6ROpVl2aDRlzgceqGtxVxXEU2NEy3P7gH1c=,https://apps.calbar.ca.gov/attorney/Licensee/Detail/803529,200
https://rajullp.com/team/awad/,https://www.rajullp.com/team/awad/,404
https://rajullp.com/team/awad/,https://www.rajullp.com/team/awad/,404
https://www.newwomennewyorkers.org/our-board,https://www.newwomennewyorkers.org/our-board,
https://www.newwomennewyorkers.org/our-board,https://www.newwomennewyorkers.org/our-board,
https://www.newwomennewyorkers.org/our-board,https://www.newwomennewyorkers.org/our-board,
https://vertexaisearch.cloud.google.com/grounding-api-redirect/AUZIYQHf9Yn2yhYQrIKi0OuTy9SLRRmxR0o_iKgqQ17RpnDEwY_3_sXwQGb062Lk3hHvc4iVIzsfEcMsbZRMsojXk4EeA4XPvAgX_YqmOnf7nWbq7ZTete0_qaBnFPyf0cehZFe3K8Lc,https://elpnet.org/senior-fellows/id/36596,200
https://vertexaisearch.cloud.google.com/grounding-api-redirect/AUZIYQFl3dAbwHyhclCuersWM-jGewiOS8UFJgszUhmchqeTFFGLR235mxS50VQTn9rl8JQD_fpjYgKMhSVTYLo-kFLuqv2CH2slatXpHOaoruI56YUN5beLgKNH6a9NH-BH4tZBKq6D5q2Yw53Wig3pYipuZLPdeQ==,https://www.contemporarymussar.org/madrichim/nancy-axelrod,200
https://vertexaisearch.cloud.google.com/grounding-api-redirect/AUZIYQHf9Yn2yhYQrIKi0OuTy9SLRRmxR0o_iKgqQ17RpnDEwY_3_sXwQGb062Lk3hHvc4iVIzsfEcMsbZRMsojXk4EeA4XPvAgX_YqmOnf7nWbq7ZTete0_qaBnFPyf0cehZFe3K8Lc,https://elpnet.org/senior-fellows/id/36596,200
https://vertexaisearch.cloud.google.com/grounding-api-redirect/AUZIYQHf9Yn2yhYQrIKi0OuTy9SLRRmxR0o_iKgqQ17RpnDEwY_3_sXwQGb062Lk3hHvc4iVIzsfEcMsbZRMsojXk4EeA4XPvAgX_YqmOnf7nWbq7ZTete0_qaBnFPyf0cehZFe3K8Lc,https://elpnet.org/senior-fellows/id/36596,200
https://vertexaisearch.cloud.google.com/grounding-api-redirect/AUZIYQEXMaJ40COSqCqxaLpNueE1B0Vx2NXyB59yuP8KQQOHtbyoNLgl62yg2_3WmQ3n52JdPDVMnXw0SvMeMtNpukW0WoqAzVuG0EwajLiOe2snxUCLTDPUMcJCK1wOwZkkUYj2NYPoCVBuMrqvYErUsX8rI3E=,https://attorneys.lexinter.net/lawyers/robert-r-axenfeld,200
https://vertexaisearch.cloud.google.com/grounding-api-redirect/AUZIYQF_PK-tpWBm2Y1xeOvp7TTS_3Mt4mRTqZrG2fcAF-PIeI2Tc0gPLnwxsN6zeieLdbsKoR-wrqFX8JN-P0rIOekWb4cdZ9KbRmEDp-Q7IiOE7MQNA84UbxHYoVlod3UpMPW8O6z7EdCUb1d9HpCzS0v9ZgZAvzc3AHcJ93w,https://vertexaisearch.cloud.google.com/grounding-api-redirect/AUZIYQF_PK-tpWBm2Y1xeOvp7TTS_3Mt4mRTqZrG2fcAF-PIeI2Tc0gPLnwxsN6zeieLdbsKoR-wrqFX8JN-P0rIOekWb4cdZ9KbRmEDp-Q7IiOE7MQNA84UbxHYoVlod3UpMPW8O6z7EdCUb1d9HpCzS0v9ZgZAvzc3AHcJ93w,404
https://vertexaisearch.cloud.google.com/grounding-api-redirect/AUZIYQFSv_A-VDanUBxp8OUwkhDr01Mnh3HkiUZDAlixmJIOWuGYhCsgXigUGplAoyotnaQMdVWBunWaOGS0ct3D3F78nszTCslIs1HqYjfDXUD00N9uYskUlo7Aavnzv0UzTnUOUUAbP0IoJk07UljCswov1Pu4Ff2wyBmPALlLEHatkfDEBLEpoLyoXRuHy7uzdtpbDsBbUl5MUoCkmAiYxmbDO3P3lNnhT4yjKBUyMe8Czxz4yMmz_QXW,https://profiles.superlawyers.com/pennsylvania/philadelphia/lawyer/robert-r-axenfeld/5ae56634-5eb1-40a7-8aac-6ae440ffd85d.html,403
https://vertexaisearch.cloud.google.com/grounding-api-redirect/AUZIYQEoZVIVpwpvHxbYun2cHSValh4Z-VTEsOIcyW9TPwkVAtoKfdx632Ie9VZQXRyEQUZEQITkPMXusKDqk7zkGGbNoVr6oORDAf9GeNrc1SJCulRwFLV9GDaAkQtMTo4MAkbl3zRIHaMDTyMkVsGHLgNQ-MQ=,https://axenfeldlaw.com/professionals/robert-r-axenfeld/,200
https://vertexaisearch.cloud.google.com/grounding-api-redirect/AUZIYQF_PK-tpWBm2Y1xeOvp7TTS_3Mt4mRTqZrG2fcAF-PIeI2Tc0gPLnwxsN6zeieLdbsKoR-wrqFX8JN-P0rIOekWb4cdZ9KbRmEDp-Q7IiOE7MQNA84UbxHYoVlod3UpMPW8O6z7EdCUb1d9HpCzS0v9ZgZAvzc3AHcJ93w https://vertexaisearch.cloud.google.com/grounding-api-redirect/AUZIYQEoZVIVpwpvHxbYun2cHSValh4Z-VTEsOIcyW9TPwkVAtoKfdx632Ie9VZQXRyEQUZEQITkPMXusKDqk7zkGGbNoVr6oORDAf9GeNrc1SJCulRwFLV9GDaAkQtMTo4MAkbl3zRIHaMDTyMkVsGHLgNQ-MQ=,https://axenfeldlaw.com/professionals/robert-r-axenfeld/,200
https://vertexaisearch.cloud.google.com/grounding-api-redirect/AUZIYQEXMaJ40COSqCqxaLpNueE1B0Vx2NXyB59yuP8KQQOHtbyoNLgl62yg2_3WmQ3n52JdPDVMnXw0SvMeMtNpukW0WoqAzVuG0EwajLiOe2snxUCLTDPUMcJCK1wOwZkkUYj2NYPoCVBuMrqvYErUsX8rI3E= https://vertexaisearch.cloud.google.com/grounding-api-redirect/AUZIYQF_PK-tpWBm2Y1xeOvp7TTS_3Mt4mRTqZrG2fcAF-PIeI2Tc0gPLnwxsN6zeieLdbsKoR-wrqFX8JN-P0rIOekWb4cdZ9KbRmEDp-Q7IiOE7MQNA84UbxHYoVlod3UpMPW8O6z7EdCUb1d9HpCzS0v9ZgZAvzc3AHcJ93w https://vertexaisearch.cloud.google.com/grounding-api-redirect/AUZIYQFSv_A-VDanUBxp8OUwkhDr01Mnh3HkiUZDAlixmJIOWuGYhCsgXigUGplAoyotnaQMdVWBunWaOGS0ct3D3F78nszTCslIs1HqYjfDXUD00N9uYskUlo7Aavnzv0UzTnUOUUAbP0IoJk07UljCswov1Pu4Ff2wyBmPALlLEHatkfDEBLEpoLyoXRuHy7uzdtpbDsBbUl5MUoCkmAiYxmbDO3P3lNnhT4yjKBUyMe8Czxz4yMmz_QXW https://vertexaisearch.cloud.google.com/grounding-api-redirect/AUZIYQEoZVIVpwpvHxbYun2cHSValh4Z-VTEsOIcyW9TPwkVAtoKfdx632Ie9VZQXRyEQUZEQITkPMXusKDqk7zkGGbNoVr6oORDAf9GeNrc1SJCulRwFLV9GDaAkQtMTo4MAkbl3zRIHaMDTyMkVsGHLgNQ-MQ=,https://axenfeldlaw.com/professionals/robert-r-axenfeld/,200
https://vertexaisearch.cloud.google.com/grounding-api-redirect/AUZIYQEXMaJ40COSqCqxaLpNueE1B0Vx2NXyB59yuP8KQQOHtbyoNLgl62yg2_3WmQ3n52JdPDVMnXw0SvMeMtNpukW0WoqAzVuG0EwajLiOe2snxUCLTDPUMcJCK1wOwZkkUYj2NYPoCVBuMrqvYErUsX8rI3E= https://vertexaisearch.cloud.google.com/grounding-api-redirect/AUZIYQF_PK-tpWBm2Y1xeOvp7TTS_3Mt4mRTqZrG2fcAF-PIeI2Tc0gPLnwxsN6zeieLdbsKoR-wrqFX8JN-P0rIOekWb4cdZ9KbRmEDp-Q7IiOE7MQNA84UbxHYoVlod3UpMPW8O6z7EdCUb1d9HpCzS0v9ZgZAvzc3AHcJ93w,https://vertexaisearch.cloud.google.com/grounding-api-redirect/AUZIYQF_PK-tpWBm2Y1xeOvp7TTS_3Mt4mRTqZrG2fcAF-PIeI2Tc0gPLnwxsN6zeieLdbsKoR-wrqFX8JN-P0rIOekWb4cdZ9KbRmEDp-Q7IiOE7MQNA84UbxHYoVlod3UpMPW8O6z7EdCUb1d9HpCzS0v9ZgZAvzc3AHcJ93w,404
https://vertexaisearch.cloud.google.com/grounding-api-redirect/AUZIYQE4PlcaT8kHeYDQB6bdfV9D4jtMq0dqsGDcBxzWpv5N8vc42Se5Fb-dK-KKDtHw8MyPCAb_RBTUv65C5HvzRDSWT7YdmPEYxcIiS6ndeGapzRbSC2mNQ17uo3MqkSw9JHKZTjBtiQMEqYg5DnLbUzFmaxApbPH872,https://vertexaisearch.cloud.google.com/grounding-api-redirect/AUZIYQE4PlcaT8kHeYDQB6bdfV9D4jtMq0dqsGDcBxzWpv5N8vc42Se5Fb-dK-KKDtHw8MyPCAb_RBTUv65C5HvzRDSWT7YdmPEYxcIiS6ndeGapzRbSC2mNQ17uo3MqkSw9JHKZTjBtiQMEqYg5DnLbUzFmaxApbPH872,404
https://vertexaisearch.cloud.google.com/grounding-api-redirect/AUZIYQE4PlcaT8kHeYDQB6bdfV9D4jtMq0dqsGDcBxzWpv5N8vc42Se5Fb-dK-KKDtHw8MyPCAb_RBTUv65C5HvzRDSWT7YdmPEYxcIiS6ndeGapzRbSC2mNQ17uo3MqkSw9JHKZTjBtiQMEqYg5DnLbUzFmaxApbPH872,https://vertexaisearch.cloud.google.com/grounding-api-redirect/AUZIYQE4PlcaT8kHeYDQB6bdfV9D4jtMq0dqsGDcBxzWpv5N8vc42Se5Fb-dK-KKDtHw8MyPCAb_RBTUv65C5HvzRDSWT7YdmPEYxcIiS6ndeGapzRbSC2mNQ17uo3MqkSw9JHKZTjBtiQMEqYg5DnLbUzFmaxApbPH872,404
https://vertexaisearch.cloud.google.com/grounding-api-redirect/AUZIYQF_5HTL5becz7fgqyZKGkky_2UXRDjtFrG051egznmzO2zkFUyeCMS9jpjqhIYOe1GVhLeTlzO7oVG2pGCeovIqHUSlVZoSeKSotrIVs4y8dJQSLg3GewzvIZ_u7R1wWvzy9hLIcqTLLCw3oUdLiw==,https://vertexaisearch.cloud.google.com/grounding-api-redirect/AUZIYQF_5HTL5becz7fgqyZKGkky_2UXRDjtFrG051egznmzO2zkFUyeCMS9jpjqhIYOe1GVhLeTlzO7oVG2pGCeovIqHUSlVZoSeKSotrIVs4y8dJQSLg3GewzvIZ_u7R1wWvzy9hLIcqTLLCw3oUdLiw==,404
https://vertexaisearch.cloud.google.com/grounding-api-redirect/AUZIYQF_5HTL5becz7fgqyZKGkky_2UXRDjtFrG051egznmzO2zkFUyeCMS9jpjqhIYOe1GVhLeTlzO7oVG2pGCeovIqHUSlVZoSeKSotrIVs4y8dJQSLg3GewzvIZ_u7R1wWvzy9hLIcqnLlCw3oUdLiw==,https://lawyers.justia.com/lawyer/karen-axt-1459104,403
https://vertexaisearch.cloud.google.com/grounding-api-redirect/AUZIYQF_5HTL5becz7fgqyZKGkky_2UXRDjtFrG051egznmzO2zkFUyeCMS9jpjqhIYOe1GVhLeTlzO7oVG2pGCeovIqHUSlVZoSeKSotrIVs4y8dJQSLg3GewzvIZ_u7R1wWvzy9hLIcqTLLCw3oUdLiw==,https://vertexaisearch.cloud.google.com/grounding-api-redirect/AUZIYQF_5HTL5becz7fgqyZKGkky_2UXRDjtFrG051egznmzO2zkFUyeCMS9jpjqhIYOe1GVhLeTlzO7oVG2pGCeovIqHUSlVZoSeKSotrIVs4y8dJQSLg3GewzvIZ_u7R1wWvzy9hLIcqTLLCw3oUdLiw==,404
https://vertexaisearch.cloud.google.com/grounding-api-redirect/AUZIYQF_5HTL5becz7fgqyZKGkky_2UXRDjtFrG051egznmzO2zkFUyeCMS9jpjqhIYOe1GVhLeTlzO7oVG2pGCeovIqHUSlVZoSeKSotrIVs4y8dJQSLg3GewzvIZ_u7R1wWvzy9hLIcqTLLCw3oUdLiw==,https://vertexaisearch.cloud.google.com/grounding-api-redirect/AUZIYQF_5HTL5becz7fgqyZKGkky_2UXRDjtFrG051egznmzO2zkFUyeCMS9jpjqhIYOe1GVhLeTlzO7oVG2pGCeovIqHUSlVZoSeKSotrIVs4y8dJQSLg3GewzvIZ_u7R1wWvzy9hLIcqTLLCw3oUdLiw==,404
https://www.stinson.com/people/david-axtell,https://www.stinson.com/people/david-axtell,404
https://vertexaisearch.cloud.google.com/grounding-api-redirect/AUZIYQEZetlyXKSjUMfLfnUFIZRFKI8WpsRhrbHdcHvSx2ikhvXkiaiK-VMj6GSjpkR7Kgw76fRWg6sjDDg5vvg_qXTy1pP8PA9pyPUa3Py_o0_ZLsvV0lynQevCIj426CM6T3eMsuf2gg==,https://www.stinson.com/people-DavidAxtell,200
https://www.stinson.com/people/david-axtell https://vertexaisearch.cloud.google.com/grounding-api-redirect/AUZIYQEZetlyXKSjUMfLfnUFIZRFKI8WpsRhrbHdcHvSx2ikhvXkiaiK-VMj6GSjpkR7Kgw76fRWg6sjDDg5vvg_qXTy1pP8PA9pyPUa3Py_o0_ZLsvV0lynQevCIj426CM6T3eMsuf2gg==,https://www.stinson.com/people-DavidAxtell,200
https://www.stinson.com/people/david-axtell https://vertexaisearch.cloud.google.com/grounding-api-redirect/AUZIYQEZetlyXKSjUMfLfnUFIZRFKI8WpsRhrbHdcHvSx2ikhvXkiaiK-VMj6GSjpkR7Kgw76fRWg6sjDDg5vvg_qXTy1pP8PA9pyPUa3Py_o0_ZLsvV0lynQevCIj426CM6T3eMsuf2gg==,https://www.stinson.com/people-DavidAxtell,200
https://vertexaisearch.cloud.google.com/grounding-api-redirect/AUZIYQE8ea-9iC2YD6Ke24y3PxooOnIyQv5t4UEX42Jip2U6nN2edn6XPMM2joKvz_Ts4t9hRshTk7o_9cWsoBrfVZmTdLL5bwXu_8ZphSEMr8F_OwMGcxX-SqJ4XpSXpEU=,https://www.obwb.com/caitlan-ayala,200
https://vertexaisearch.cloud.google.com/grounding-api-redirect/AUZIYQE8ea-9iC2YD6Ke24y3PxooOnIyQv5t4UEX42Jip2U6nN2edn6XPMM2joKvz_Ts4t9hRshTk7o_9cWsoBrfVZmTdLL5bwXu_8ZphSEMr8F_OwMGcxX-SqJ4XpSXpEU=,https://www.obwb.com/caitlan-ayala,200
https://vertexaisearch.cloud.google.com/grounding-api-redirect/AUZIYQE8ea-9iC2YD6Ke24y3PxooOnIyQv5t4UEX42Jip2U6nN2edn6XPMM2joKvz_Ts4t9hRshTk7o_9cWsoBrfVZmTdLL5bwXu_8ZphSEMr8F_OwMGcxX-SqJ4XpSXpEU=,https://www.obwb.com/caitlan-ayala,200
https://vertexaisearch.cloud.google.com/grounding-api-redirect/AUZIYQH5mrAXtN8ogDwl3jVGHStCBtIRVxgjUJqO8jtrpwvgCgWjEMNOYOkBKRQG_spxr03tlogBDTiv5ma_XYcqrzKuSvpJlMS-gw__4UeB0lGv4-qn6vDK7TQ42dd8dXP_5xPVpw4UQIu6caYQTDd56A==,https://lawyers.justia.com/lawyer/adan-ayala-1221128,403
https://vertexaisearch.cloud.google.com/grounding-api-redirect/AUZIYQH-A-qcz0L9U3Bl_r5RHRS5JmJleJBIifYwVK383Ij5zwga8062wDqfezOeUOdkDlYkmQUmsPDZkOr7i6GmMlmNVj_KllvsIU9f4hOgHwSPp7lYLLcf-cg3FiYTA4fUN-VWmxrRSoDawKkJJQdM8X2VqhmIzT0ilfWkScL79w==,https://vertexaisearch.cloud.google.com/grounding-api-redirect/AUZIYQH-A-qcz0L9U3Bl_r5RHRS5JmJleJBIifYwVK383Ij5zwga8062wDqfezOeUOdkDlYkmQUmsPDZkOr7i6GmMlmNVj_KllvsIU9f4hOgHwSPp7lYLLcf-cg3FiYTA4fUN-VWmxrRSoDawKkJJQdM8X2VqhmIzT0ilfWkScL79w==,404
https://eecs.berkeley.edu/people/faculty/babak-ayazifar,https://eecs.berkeley.edu/people/faculty/babak-ayazifar,404
https://eecs.berkeley.edu/academics/undergraduate/electrical-engineering-computer-sciences-eecs/faculty/ee-teaching-faculty,https://eecs.berkeley.edu/academics/undergraduate/electrical-engineering-computer-sciences-eecs/faculty/ee-teaching-faculty,404
https://engineering.berkeley.edu/faculty/babak-ayazifar/,https://engineering.berkeley.edu/faculty/babak-ayazifar/,404
https://engineering.berkeley.edu/news/2007/10/just-call-me-babak/,https://engineering.berkeley.edu/news/2007/10/just-call-me-babak/,404
https://eecs.berkeley.edu/people/faculty/babak-ayazifar,https://eecs.berkeley.edu/people/faculty/babak-ayazifar,404
https://eecs.berkeley.edu/people/faculty/babak-ayazifar,https://eecs.berkeley.edu/people/faculty/babak-ayazifar,404
https://eecs.berkeley.edu/people/faculty/babak-ayazifar,https://eecs.berkeley.edu/people/faculty/babak-ayazifar,404
https://vertexaisearch.cloud.google.com/grounding-api-redirect/AUZIYQFl5sYwe4e3G-0uUCBI_qD1VVCYndtlJVERxJPMB6_JYIwjJhwhtaZjw6b3DKQQS74mV1u5WBLV171e-zQQ-BZYfmfB7lorO3YLghSKpljgmcgIAOY8LZABBzWLXXGfg7339C9V08gmWib-XyAb_VEYdXR8CGBKemIyLGytaNZVZKiiw==,https://vertexaisearch.cloud.google.com/grounding-api-redirect/AUZIYQFl5sYwe4e3G-0uUCBI_qD1VVCYndtlJVERxJPMB6_JYIwjJhwhtaZjw6b3DKQQS74mV1u5WBLV171e-zQQ-BZYfmfB7lorO3YLghSKpljgmcgIAOY8LZABBzWLXXGfg7339C9V08gmWib-XyAb_VEYdXR8CGBKemIyLGytaNZVZKiiw==,404
https://vertexaisearch.cloud.google.com/grounding-api-redirect/AUZIYQGTCMGO63z_lpyxQtZOCA2opZ0j8IREc9XD3UQG7IOSynK0F6EMqi2kc5yAVTWzy-as9NMRddGEcwAuFN87Vg3v32GqqSFh8irnbPSHWtAEXgDizJUK5d3iEuAbuZvR2nY=,https://www.cygnetiplaw.com/about-us/,200
https://vertexaisearch.cloud.google.com/grounding-api-redirect/AUZIYQEGbz7OvIDZQdOAOWGi0Tla-VQu9b7CpM0XgooaAfr3r0drKkHEUDG_7Fwdj57yLKSYBMCK3OMsX9PwMG4Lxawh_V6XFOIl7li8nu4UjGjk6AMEbx44TTWC8YpVDUeRP4RLqRPZBfueloCFJ4b2yxKnJ3iddEbDuVsC70GlZg==,https://www.floridabar.org/directories/find-mbr/profile/?num=65253,403
https://vertexaisearch.cloud.google.com/grounding-api-redirect/AUZIYQFl5sYwe4e3G-0uUCBI_qD1VVCYndtlJVERxJPMB6_JYIwjJhwhtaZjw6b2DKrQS74mV1u5WBLV171e-zQQ-BZYfmfB7lorO3YLghSKpljgmcgIAOY8LZABBzWLXXXGfg7339C9V08gmWib-XyAb_VEYdXR8CGBKemIyLGytaNZVZKiiw==,https://vertexaisearch.cloud.google.com/grounding-api-redirect/AUZIYQFl5sYwe4e3G-0uUCBI_qD1VVCYndtlJVERxJPMB6_JYIwjJhwhtaZjw6b2DKrQS74mV1u5WBLV171e-zQQ-BZYfmfB7lorO3YLghSKpljgmcgIAOY8LZABBzWLXXXGfg7339C9V08gmWib-XyAb_VEYdXR8CGBKemIyLGytaNZVZKiiw==,404
https://vertexaisearch.cloud.google.com/grounding-api-redirect/AUZIYQFl5sYwe4e3G-0uUCBI_qD1VVCYndtlJVERxJPMB6_JYIwjJhwhtaZjw6b3DKQQS74mV1u5WBLV171e-zQQ-BZYfmfB7lorO3YLghSKpljgmcgIAOY8LZABBzWLXXGfg7339C9V08gmWib-XyAb_VEYdXR8CGBKemIyLGytaNZVZKiiw== https://vertexaisearch.cloud.google.com/grounding-api-redirect/AUZIYQGTCMGO63z_lpyxQtZOCA2opZ0j8IREc9XD3UQG7IOSynK0F6EMqi2kc5yAVTWzy-as9NMRddGEcwAuFN87Vg3v32GqqSFh8irnbPSHWtAEXgDizJUK5d3iEuAbuZvR2nY= https://vertexaisearch.cloud.google.com/grounding-api-redirect/AUZIYQEGbz7OvIDZQdOAOWGi0Tla-VQu9b7CpM0XgooaAfr3r0drKkHEUDG_7Fwdj57yLKSYBMCK3OMsX9PwMG4Lxawh_V6XFOIl7li8nu4UjGjk6AMEbx44TTWC8YpVDUeRP4RLqRPZBfueloCFJ4b2yxKnJ3iddEbDuVsC70GlZg==,https://www.floridabar.org/directories/find-mbr/profile/?num=65253,403
https://www.martindale.com/attorney/ms-kyla-d-aycock-169123842/,https://www.martindale.com/attorney/pierre-albert-salva-169123842/,200
https://www.texasdefenselawyer.com/attorney/kyla-d-aycock-24036426,https://www.texasdefenselawyer.com/attorney/kyla-d-aycock-24036426,
https://www.texasbar.com/AM/Template.cfm?Section=Find_A_Lawyer&template=/CustomSource/MemberDirectory/MemberDirectoryDetail.cfm&MemberID=24036426,https://www.texasbar.com/AM/Template.cfm?Section=Find_A_Lawyer&template=/CustomSource/MemberDirectory/MemberDirectoryDetail.cfm&MemberID=24036426,
https://www.martindale.com/attorney/ms-kyla-d-aycock-169123842/ https://www.texasdefenselawyer.com/attorney/kyla-d-aycock-24036426 https://www.texasbar.com/AM/Template.cfm?Section=Find_A_Lawyer&template=/CustomSource/MemberDirectory/MemberDirectoryDetail.cfm&MemberID=24036426,https://www.martindale.com/attorney/ms-kyla-d-aycock-169123842/ https://www.texasdefenselawyer.com/attorney/kyla-d-aycock-24036426 https://www.texasbar.com/AM/Template.cfm?Section=Find_A_Lawyer&template=/CustomSource/MemberDirectory/MemberDirectoryDetail.cfm&MemberID=24036426,
https://www.martindale.com/attorney/ms-kyla-d-aycock-169123842/,https://www.martindale.com/attorney/pierre-albert-salva-169123842/,200
https://www.stites.com/collin-aycock,https://www.stites.com/collin-aycock,404
https://www.stites.com/collin-aycock,https://www.stites.com/collin-aycock,404
https://www.stites.com/collin-aycock,https://www.stites.com/collin-aycock,404
https://www.stites.com/collin-aycock,https://www.stites.com/collin-aycock,404
https://vertexaisearch.cloud.google.com/grounding-api-redirect/AUZIYQEz7zinyEsisJ3zEOyTKWp1zBvCF6451yKn1-JeBMpzr52M9np4OpgK7dVMOzv2ouSOrAoVRFpHQ3HufAlCbG9pDS17ygFyUh-3QJjaOdd7wgJNlaT5NUFTUqZCNknr9d-eH2auVOySiyW7S5jU7vNCHsMLPH0zd1N4lTlN,https://research.ncsu.edu/commercialization/people/bradley-aycock/,200
https://vertexaisearch.cloud.google.com/grounding-api-redirect/AUZIYQEz7zinyEsisJ3zEOyTKWp1zBvCF6451yKn1-JeBMpzr52M9np4OpgK7dVMOzv2ouSOrAoVRFpHQ3HufAlCbG9pDS17ygFyUh-3QJjaOdd7wgJNlaT5NUFTUqZCNknr9d-eH2auVOySiyW7S5jU7vNCHsMLPH0zd1N4lTlN,https://research.ncsu.edu/commercialization/people/bradley-aycock/,200
https://vertexaisearch.cloud.google.com/grounding-api-redirect/AUZIYQEz7zinyEsisJ3zEOyTKWp1zBvCF6451yKn1-JeBMpzr52M9np4OpgK7dVMOzv2ouSOrAoVRFpHQ3HufAlCbG9pDS17ygFyUh-3QJjaOdd7wgJNlaT5NUFTUqZCNknr9d-eH2auVOySiyW7S5jU7vNCHsMLPH0zd1N4lTlN,https://research.ncsu.edu/commercialization/people/bradley-aycock/,200
https://vertexaisearch.cloud.google.com/grounding-api-redirect/AUZIYQEz7zinyEsisJ3zEOyTKWp1zBvCF6451yKn1-JeBMpzr52M9np4OpgK7dVMOzv2ouSOrAoVRFpHQ3HufAlCbG9pDS17ygFyUh-3QJjaOdd7wgJNlaT5NUFTUqZCNknr9d-eH2auVOySiyW7S5jU7vNCHsMLPH0zd1N4lTlN,https://research.ncsu.edu/commercialization/people/bradley-aycock/,200
https://vertexaisearch.cloud.google.com/grounding-api-redirect/AUZIYQEz7zinyEsisJ3zEOyTKWp1zBvCF6451yKn1-JeBMpzr52M9np4OpgK7dVMOzv2ouSOrAoVRFpHQ3HufAlCbG9pDS17ygFyUh-3QJjaOdd7wgJNlaT5NUFTUqZCNknr9d-eH2auVOySiyW7S5jU7vNCHsMLPH0zd1N4lTlN,https://research.ncsu.edu/commercialization/people/bradley-aycock/,200
https://vertexaisearch.cloud.google.com/grounding-api-redirect/AUZIYQG4iVQPS4muSue3wF-UqniwdlMLeiuoDJDnrZ1tenZRVZ9N-mwlaoBYv8y01YXWXfPRb0dpzSsZUWSpfLUUIf3vPVLm3hk3JeKDIWZ89donWwwFdPE1V2axWvtvuGVH5RhjxilFO6bGi8kF0T7PrMF2WuI=,https://www.myersbigel.com/staff-member/d-randal-ayers/,406
https://vertexaisearch.cloud.google.com/grounding-api-redirect/AUZIYQG4iVQPS4muSue3wF-UqniwdlMLeiuoDJDnrZ1tenZRVZ9N-mwlaoBYv8y01YXWXfPRb0dpzSsZUWSpfLUUIf3vPVLm3hk3JeKDIWZ89donWwwFdPE1V2axWvtvuGVH5RhjxilFO6bGi8kF0T7PrMF2WuI=,https://www.myersbigel.com/staff-member/d-randal-ayers/,406
https://vertexaisearch.cloud.google.com/grounding-api-redirect/AUZIYQG4iVQPS4muSue3wF-UqniwdlMLeiuoDJDnrZ1tenZRVZ9N-mwlaoBYv8y01YXWXfPRb0dpzSsZUWSpfLUUIf3vPVLm3hk3JeKDIWZ89donWwwFdPE1V2axWvtvuGVH5RhjxilFO6bGi8kF0T7PrMF2WuI=,https://www.myersbigel.com/staff-member/d-randal-ayers/,406
https://vertexaisearch.cloud.google.com/grounding-api-redirect/AUZIYQG4iVQPS4muSue3wF-UqniwdlMLeiuoDJDnrZ1tenZRVZ9N-mwlaoBYv8y01YXWXfPRb0dpzSsZUWSpfLUUIf3vPVLm3hk3JeKDIWZ89donWwwFdPE1V2axWvtvuGVH5RhjxilFO6bGi8kF0T7PrMF2WuI=,https://www.myersbigel.com/staff-member/d-randal-ayers/,406
https://vertexaisearch.cloud.google.com/grounding-api-redirect/AUZIYQFyfOZwwJmkUBearg-aBID0XUYfkhCnjE4f5_Lae0FBr5i-AK3Sc_N3PlFOM06PwWspxnqvFjxOKWNTctyhEOBPbmxOxTLVOkMul5qzkBdhLp7-dbctZhcQ317Y7oL0QrVKXMZ5k60srkXjIvrwr7M53hyJ,https://www.sternekessler.com/professionals/rola-r-aylo/,403
https://vertexaisearch.cloud.google.com/grounding-api-redirect/AUZIYQFyfOZwwJmkUBearg-aBID0XUYfkhCnjE4f5_Lae0FBr5i-AK3Sc_N3PlFOM06PwWspxnqvFjxOKWNTctyhEOBPbmxOxTLVOkMul5qzkBdhLp7-dbctZhcQ317Y7oL0QrVKXMZ5k60srkXjIvrwr7M53hyJ,https://www.sternekessler.com/professionals/rola-r-aylo/,403
https://vertexaisearch.cloud.google.com/grounding-api-redirect/AUZIYQFyfOZwwJmkUBearg-aBID0XUYfkhCnjE4f5_Lae0FBr5i-AK3Sc_N3PlFOM06PwWspxnqvFjxOKWNTctyhEOBPbmxOxTLVOkMul5qzkBdhLp7-dbctZhcQ317Y7oL0QrVKXMZ5k60srkXjIvrwr7M53hyJ,https://www.sternekessler.com/professionals/rola-r-aylo/,403
https://vertexaisearch.cloud.google.com/grounding-api-redirect/AUZIYQFyfOZwwJmkUBearg-aBID0XUYfkhCnjE4f5_Lae0FBr5i-AK3Sc_N3PlFOM06PwWspxnqvFjxOKWNTctyhEOBPbmxOxTLVOkMul5qzkBdhLp7-dbctZhcQ317Y7oL0QrVKXMZ5k60srkXjIvrwr7M53hyJ,https://www.sternekessler.com/professionals/rola-r-aylo/,403
https://vertexaisearch.cloud.google.com/grounding-api-redirect/AUZIYQFyfOZwwJmkUBearg-aBID0XUYfkhCnjE4f5_Lae0FBr5i-AK3Sc_N3PlFOM06PwWspxnqvFjxOKWNTctyhEOBPbmxOxTLVOkMul5qzkBdhLp7-dbctZhcQ317Y7oL0QrVKXMZ5k60srkXjIvrwr7M53hyJ,https://www.sternekessler.com/professionals/rola-r-aylo/,403
https://vertexaisearch.cloud.google.com/grounding-api-redirect/AUZIYQFvh4XwVxOlyDZR0Bwm0NQ0kP0PCHpDjri43kXpsrnESVnE-Gr7wSdJAC23q8g3cVttj3ySKMPKTD0USQk8IyE1ve_Zrd6Z_2BDvtHx23on-PXxYBrcM9_BlKQIxl6Dm-XKrzY,https://clay.earth/profile/william-aylor,200
https://vertexaisearch.cloud.google.com/grounding-api-redirect/AUZIYQFvh4XwVxOlyDZR0Bwm0NQ0kP0PCHpDjri43kXpsrnESVnE-Gr7wSdJAC23q8g3cVttj3ySKMPKTD0USQk8IyE1ve_Zrd6Z_2BDvtHx23on-PXxYBrcM9_BlKQIxl6Dm-XKrzY,https://clay.earth/profile/william-aylor,200
https://www.justia.com/lawyers/texas/san-antonio/ihab-ayoub-8032731,https://www.justia.com/lawyers/texas/san-antonio/ihab-ayoub-8032731,403
https://www.texasbar.com/AM/Template.cfm?Section=Find_A_Lawyer&template=/CustomSource/MemberDirectory/MemberDirectoryDetail.cfm&ContactID=24036165,https://www.texasbar.com/AM/Template.cfm?Section=Find_A_Lawyer&template=/CustomSource/MemberDirectory/MemberDirectoryDetail.cfm&ContactID=24036165,
https://www.ayoubip.com/my-background,https://ayoubip.com/my-background,500
https://www.texasbar.com/AM/Template.cfm?Section=Find_A_Lawyer&template=/CustomSource/MemberDirectory/MemberDirectoryDetail.cfm&ContactID=24036165 https://www.ayoubip.com/my-background,https://ayoubip.com/my-background,500
https://vertexaisearch.cloud.google.com/grounding-api-redirect/AUZIYQG-3Xhi9O5sfyzVSsabR-riBpOKScOAZh_4KdS5HH96mgrPka2ZM-rLyVNsaTBafsIP1yJHFX6cJ6yacGoFYr6_L0hQAh435PDyshlcRCTlfGboTpI0JwT8i6x4OvGoHRfc,https://www.novumpatent.com/attorneys/,200
https://vertexaisearch.cloud.google.com/grounding-api-redirect/AUZIYQG-3Xhi9O5sfyzVSsabR-riBpOKScOAZh_4KdS5HH96mgrPka2ZM-rLyVNsaTBafsIP1yJHFX6cJ6yacGoFYr6_L0hQAh435PDyshlcRCTlfGboTpI0JwT8i6x4OvGoHRfc,https://www.novumpatent.com/attorneys/,200
https://vertexaisearch.cloud.google.com/grounding-api-redirect/AUZIYQG-3Xhi9O5sfyzVSsabR-riBpOKScOAZh_4KdS5HH96mgrPka2ZM-rLyVNsaTBafsIP1yJHFX6cJ6yacGoFYr6_L0hQAh435PDyshlcRCTlfGboTpI0JwT8i6x4OvGoHRfc,https://www.novumpatent.com/attorneys/,200
https://vertexaisearch.cloud.google.com/grounding-api-redirect/AUZIYQG-3Xhi9O5sfyzVSsabR-riBpOKScOAZh_4KdS5HH96mgrPka2ZM-rLyVNsaTBafsIP1yJHFX6cJ6yacGoFYr6_L0hQAh435PDyshlcRCTlfGboTpI0JwT8i6x4OvGoHRfc,https://www.novumpatent.com/attorneys/,200
https://vertexaisearch.cloud.google.com/grounding-api-redirect/AUZIYQHpUnUpPQ-gMXyrw5Xx38Hklc2c7k4Go5s7iI8YDZv-6Uv8AcNm1f2_7iDQW1UMe-iEmA64b_tMf4Uz436BUT-tysr7QK-YrZM0ZshE8sReaxF_U1Q=,https://dessaules.com/fara,200
https://vertexaisearch.cloud.google.com/grounding-api-redirect/AUZIYQHpUnUpPQ-gMXyrw5Xx38Hklc2c7k4Go5s7iI8YDZv-6Uv8AcNm1f2_7iDQW1UMe-iEmA64b_tMf4Uz436BUT-tysr7QK-YrZM0ZshE8sReaxF_U1Q=,https://dessaules.com/fara,200
https://vertexaisearch.cloud.google.com/grounding-api-redirect/AUZIYQHpUnUpPQ-gMXyrw5Xx38Hklc2c7k4Go5s7iI8YDZv-6Uv8AcNm1f2_7iDQW1UMe-iEmA64b_tMf4Uz436BUT-tysr7QK-YrZM0ZshE8sReaxF_U1Q=,https://dessaules.com/fara,200
https://www.cswiplaw.com/team/george-ayvazov/,https://www.cswiplaw.com/team/george-ayvazov/,
https://www.cswiplaw.com/team/george-ayvazov/,https://www.cswiplaw.com/team/george-ayvazov/,
https://www.cswiplaw.com/team/george-ayvazov/,https://www.cswiplaw.com/team/george-ayvazov/,
https://vertexaisearch.cloud.google.com/grounding-api-redirect/AUZIYQGJ1GXuUq_w8FYYWQKmU9UVFUKY7BP8tAnsS7AKZyIlj5XHgV23KD39dv-0xZXjMQJIf3Y5sbjk9QT0r06L1cZDfrkfRs0QLjp0XFE7PD49EBHYXCeAIddtjN0D3oxYoK3BdqIfqVj2LFej4Kq6ii0f8fuIQX0235hetdNxGVVIBXwfj4MOoujRhjnYLuN0wyw=,https://www.vanguardlawmag.com/case-studies/subhashini-karra-ayyalasomayajula-viatris/,200
https://vertexaisearch.cloud.google.com/grounding-api-redirect/AUZIYQGJ1GXuUq_w8FYYWQKmU9UVFUKY7BP8tAnsS7AKZyIlj5XHgV23KD39dv-0xZXjMQJIf3Y5sbjk9QT0r06L1cZDfrkfRs0QLjp0XFE7PD49EBHYXCeAIddtjN0D3oxYoK3BdqIfqVj2LFej4Kq6ii0f8fuIQX0235hetdNxGVVIBXwfj4MOoujRhjnYLuN0wyw=,https://www.vanguardlawmag.com/case-studies/subhashini-karra-ayyalasomayajula-viatris/,200
https://vertexaisearch.cloud.google.com/grounding-api-redirect/AUZIYQGJ1GXuUq_w8FYYWQKmU9UVFUKY7BP8tAnsS7AKZyIlj5XHgV23KD39dv-0xZXjMQJIf3Y5sbjk9QT0r06L1cZDfrkfRs0QLjp0XFE7PD49EBHYXCeAIddtjN0D3oxYoK3BdqIfqVj2LFej4Kq6ii0f8fuIQX0235hetdNxGVVIBXwfj4MOoujRhjnYLuN0wyw=,https://www.vanguardlawmag.com/case-studies/subhashini-karra-ayyalasomayajula-viatris/,200
https://vertexaisearch.cloud.google.com/grounding-api-redirect/AUZIYQGJ1GXuUq_w8FYYWQKmU9UVFUKY7BP8tAnsS7AKZyIlj5XHgV23KD39dv-0xZXjMQJIf3Y5sbjk9QT0r06L1cZDfrkfRs0QLjp0XFE7PD49EBHYXCeAIddtjN0D3oxYoK3BdqIfqVj2LFej4Kq6ii0f8fuIQX0235hetdNxGVVIBXwfj4MOoujRhjnYLuN0wyw=,https://www.vanguardlawmag.com/case-studies/subhashini-karra-ayyalasomayajula-viatris/,200
https://www.montagelegal.com/freelance-patent-lawyer-ceyda-maisami-writes-article-on-jury-trials-in-patent-lawsuits/,https://www.montagelegal.com/freelance-patent-lawyer-ceyda-maisami-writes-article-on-jury-trials-in-patent-lawsuits/,403
https://theorg.com/org/hp/team/ceyda-maisami,https://theorg.com/org/hp/team/ceyda-maisami,404
https://www.pli.edu/faculty/ceyda-maisami-42230,https://www.pli.edu/faculty/ceyda-maisami-42230,200
https://www.montagelegal.com/freelance-patent-lawyer-ceyda-maisami-writes-article-on-jury-trials-in-patent-lawsuits/,https://www.montagelegal.com/freelance-patent-lawyer-ceyda-maisami-writes-article-on-jury-trials-in-patent-lawsuits/,403
https://www.montagelegal.com/freelance-patent-lawyer-ceyda-maisami-writes-article-on-jury-trials-in-patent-lawsuits/,https://www.montagelegal.com/freelance-patent-lawyer-ceyda-maisami-writes-article-on-jury-trials-in-patent-lawsuits/,403
https://www.montagelegal.com/freelance-patent-lawyer-ceyda-maisami-writes-article-on-jury-trials-in-patent-lawsuits/,https://www.montagelegal.com/freelance-patent-lawyer-ceyda-maisami-writes-article-on-jury-trials-in-patent-lawsuits/,403
https://www.loeb.com/en/professionals/azaran-amir,https://www.loeb.com/en/professionals/azaran-amir,403
https://www.loeb.com/en/professionals/azaran-amir,https://www.loeb.com/en/professionals/azaran-amir,403
https://www.loeb.com/en/professionals/azaran-amir,https://www.loeb.com/en/professionals/azaran-amir,403
https://www.loeb.com/en/professionals/azaran-amir,https://www.loeb.com/en/professionals/azaran-amir,403
https://vertexaisearch.cloud.google.com/grounding-api-redirect/AUZIYQHf7BhVCEvHULfvmSFfTMRxp5ln5bKDrOyEpcthO8ID7t2s5te2zANQosK7tB6ZWYtuQpFhQiPDB5vzkJzJifsTP_GQSV0pcT3C1XqKplASxPtmygbOHj0YwgnRBvwUa5mv54Pl1lZks1jMu4xzgFNXdGFH25k=,https://apps.calbar.ca.gov/attorney/Licensee/Detail/346952,200
https://vertexaisearch.cloud.google.com/grounding-api-redirect/AUZIYQHf7BhVCEvHULfvmSFfTMRxp5ln5bKDrOyEpcthO8ID7t2s5te2zANQosK7tB6ZWYtuQpFhQiPDB5vzkJzJifsTP_GQSV0pcT3C1XqKplASxPtmygbOHj0YwgnRBvwUa5mv54Pl1lZks1jMu4xzgFNXdGFH25k=,https://apps.calbar.ca.gov/attorney/Licensee/Detail/346952,200
https://vertexaisearch.cloud.google.com/grounding-api-redirect/AUZIYQHCPCjfnzXrlL_A0F98LYv7N8_lSowP5DDDc9Crn4TSr8ZPcJZ7nTYVVgxuuVsEUXxR914Drq2St3tJIJ1uzNSAwU-pi-bx-x0vXzQZGmzUOUafHXf-LJU=,https://www.patvent.com/team,200
https://vertexaisearch.cloud.google.com/grounding-api-redirect/AUZIYQHCPCjfnzXrlL_A0F98LYv7N8_lSowP5DDDc9Crn4TSr8ZPcJZ7nTYVVgxuuVsEUXxR914Drq2St3tJIJ1uzNSAwU-pi-bx-x0vXzQZGmzUOUafHXf-LJU=,https://www.patvent.com/team,200
https://vertexaisearch.cloud.google.com/grounding-api-redirect/AUZIYQHCPCjfnzXrlL_A0F98LYv7N8_lSowP5DDDc9Crn4TSr8ZPcJZ7nTYVVgxuuVsEUXxR914Drq2St3tJIJ1uzNSAwU-pi-bx-x0vXzQZGmzUOUafHXf-LJU=,https://www.patvent.com/team,200
https://vertexaisearch.cloud.google.com/grounding-api-redirect/AUZIYQHCPCjfnzXrlL_A0F98LYv7N8_lSowP5DDDc9Crn4TSr8ZPcJZ7nTYVVgxuuVsEUXxR914Drq2St3tJIJ1uzNSAwU-pi-bx-x0vXzQZGmzUOUafHXf-LJU=,https://www.patvent.com/team,200
https://vertexaisearch.cloud.google.com/grounding-api-redirect/AUZIYQHCPCjfnzXrlL_A0F98LYv7N8_lSowP5DDDc9Crn4TSr8ZPcJZ7nTYVVgxuuVsEUXxR914Drq2St3tJIJ1uzNSAwU-pi-bx-x0vXzQZGmzUOUafHXf-LJU=,https://www.patvent.com/team,200
https://vertexaisearch.cloud.google.com/grounding-api-redirect/AUZIYQEY3TA2OZXA9jWvB-wvUguO7u46817z35xQKktnlLSu5uOz2cTc3yKYC_BmaFiGslkppwfrQsqEPDD3zT9I-TSsJ5du3PIKHTB7WJmZC7nGdfpDy8z2f-2_9jBUJ5K7SZXw2B4=,https://www.hmco.com.pk/team/owais-aziz/,406
https://vertexaisearch.cloud.google.com/grounding-api-redirect/AUZIYQEY3TA2OZXA9jWvB-wvUguO7u46817z35xQKktnlLSu5uOz2cTc3yKYC_BmaFiGslkppwfrQsqEPDD3zT9I-TSsJ5du3PIKHTB7WJmZC7nGdfpDy8z2f-2_9jBUJ5K7SZXw2B4=,https://www.hmco.com.pk/team/owais-aziz/,406
https://vertexaisearch.cloud.google.com/grounding-api-redirect/AUZIYQEY3TA2OZXA9jWvB-wvUguO7u46817z35xQKktnlLSu5uOz2cTc3yKYC_BmaFiGslkppwfrQsqEPDD3zT9I-TSsJ5du3PIKHTB7WJmZC7nGdfpDy8z2f-2_9jBUJ5K7SZXw2B4=,https://www.hmco.com.pk/team/owais-aziz/,406
https://www.womblebonddickinson.com/us/people/azie-s-aziz-phd,https://www.womblebonddickinson.com/us/people/azie-s-aziz-phd,403
https://www.womblebonddickinson.com/us/people/azie-s-aziz-phd,https://www.womblebonddickinson.com/us/people/azie-s-aziz-phd,403
https://www.womblebonddickinson.com/us/people/azie-s-aziz-phd,https://www.womblebonddickinson.com/us/people/azie-s-aziz-phd,403
https://www.womblebonddickinson.com/us/people/azie-s-aziz-phd,https://www.womblebonddickinson.com/us/people/azie-s-aziz-phd,403
https://www.martindale.com/attorney/armin-azod-168923053/,https://www.martindale.com/search/attorneys-law-firms-articles/?term=armin%20azod,200
https://www.calbar.ca.gov/Attorneys/Attorney-Search/Profile?PID=250965,https://www.calbar.ca.gov/Attorneys/Attorney-Search/Profile?PID=250965,200
https://www.martindale.com/attorney/armin-azod-168923053/ https://www.calbar.ca.gov/Attorneys/Attorney-Search/Profile?PID=250965,https://www.calbar.ca.gov/Attorneys/Attorney-Search/Profile?PID=250965,200
https://www.martindale.com/attorney/armin-azod-168923053/,https://www.martindale.com/search/attorneys-law-firms-articles/?term=armin%20azod,200
https://www.immigration-attorneys.com/your-immigration-attorneys/y-judd-azulay/,https://www.immigration-attorneys.com/your-immigration-attorneys/y-judd-azulay/,
https://www.superlawyers.com/lawyer/y-judd-azulay/fa43f114-6330-4e3e-ba17-64b189ff7f97.html,https://www.superlawyers.com/lawyer/y-judd-azulay/fa43f114-6330-4e3e-ba17-64b189ff7f97.html,403
https://www.immigration-attorneys.com/your-immigration-attorneys/y-judd-azulay/,https://www.immigration-attorneys.com/your-immigration-attorneys/y-judd-azulay/,
https://www.immigration-attorneys.com/your-immigration-attorneys/y-judd-azulay/ https://www.superlawyers.com/lawyer/y-judd-azulay/fa43f114-6330-4e3e-ba17-64b189ff7f97.html,https://www.superlawyers.com/lawyer/y-judd-azulay/fa43f114-6330-4e3e-ba17-64b189ff7f97.html,403
https://www.wnj.com/Newsroom/Warner-Names-Four-Attorneys-as-Partners-,https://www.wnj.com/newsroom/warner-names-four-attorneys-as-partners-/,404
https://profiles.superlawyers.com/michigan/grand-rapids/lawyer/r-michael-azzi/a4813088-2936-4074-8848-df886b62d854.html,https://profiles.superlawyers.com/michigan/grand-rapids/lawyer/r-michael-azzi/a4813088-2936-4074-8848-df886b62d854.html,403
https://www.wnj.com/Newsroom/Warner-Names-Four-Attorneys-as-Partners-,https://www.wnj.com/newsroom/warner-names-four-attorneys-as-partners-/,404
https://profiles.superlawyers.com/michigan/grand-rapids/lawyer/r-michael-azzi/a4813088-2936-4074-8848-df886b62d854.html,https://profiles.superlawyers.com/michigan/grand-rapids/lawyer/r-michael-azzi/a4813088-2936-4074-8848-df886b62d854.html,403
https://vertexaisearch.cloud.google.com/grounding-api-redirect/AUZIYQGcpg0jyvUNJYgrrlU1_wVRRVVQ17J08KcQuFttdRQz3hVH8OX2m_7SWlddWFz36WUwhhMHw9PH0HKDZGViiiEsrYK6qRnszypqdqCfwnjxgyrywO6hhbLH1cbPtfKA_gPEvUmw4qXEcw==,https://milbermakris.com/attorneys/ryan-baal/,200
https://vertexaisearch.cloud.google.com/grounding-api-redirect/AUZIYQGcpg0jyvUNJYgrrlU1_wVRRVVQ17J08KcQuFttdRQz3hVH8OX2m_7SWlddWFz36WUwhhMHw9PH0HKDZGViiiEsrYK6qRnszypqdqCfwnjxgyrywO6hhbLH1cbPtfKA_gPEvUmw4qXEcw==,https://milbermakris.com/attorneys/ryan-baal/,200
https://vertexaisearch.cloud.google.com/grounding-api-redirect/AUZIYQGcpg0jyvUNJYgrrlU1_wVRRVVQ17J08KcQuFttdRQz3hVH8OX2m_7SWlddWFz36WUwhhMHw9PH0HKDZGViiiEsrYK6qRnszypqdqCfwnjxgyrywO6hhbLH1cbPtfKA_gPEvUmw4qXEcw==,https://milbermakris.com/attorneys/ryan-baal/,200
https://www.munckwilson.com/people/rudeina-a-baasiri/,https://www.munckwilson.com/people/rudeina-a-baasiri/,200
https://www.munckwilson.com/people/rudeina-a-baasiri/,https://www.munckwilson.com/people/rudeina-a-baasiri/,200
https://www.munckwilson.com/people/rudeina-a-baasiri/,https://www.munckwilson.com/people/rudeina-a-baasiri/,200
https://www.munckwilson.com/people/rudeina-a-baasiri/,https://www.munckwilson.com/people/rudeina-a-baasiri/,200
https://www.munckwilson.com/people/rudeina-a-baasiri/,https://www.munckwilson.com/people/rudeina-a-baasiri/,200
https://www.munckwilson.com/people/rudeina-a-baasiri/,https://www.munckwilson.com/people/rudeina-a-baasiri/,200
https://www.bozicevic.com/people/edward-j-baba,https://www.bozicevic.com/people/edward-j-baba,200
https://www.bozicevic.com/people/edward-j-baba,https://www.bozicevic.com/people/edward-j-baba,200
https://www.bozicevic.com/people/edward-j-baba,https://www.bozicevic.com/people/edward-j-baba,200
https://www.bozicevic.com/people/edward-j-baba,https://www.bozicevic.com/people/edward-j-baba,200
https://www.cantorcolburn.com/professionals-Tatsuo-Baba.html,https://www.cantorcolburn.com/professionals-Tatsuo-Baba.html,200
https://www.cantorcolburn.com/professionals-Tatsuo-Baba.html,https://www.cantorcolburn.com/professionals-Tatsuo-Baba.html,200
https://www.cantorcolburn.com/professionals-Tatsuo-Baba.html,https://www.cantorcolburn.com/professionals-Tatsuo-Baba.html,200
https://vertexaisearch.cloud.google.com/grounding-api-redirect/AUZIYQFAVVqR002yBW6bKAlyU1v7uxjsbrue3-M71tn35_aajWXZxFADuwxFWivuTrGsez3dU1XoEEhbrWYOVP_5ZtF2S48MppgyEKOrplc1wR-ZNZ0Q4T7ESyryJO0R9DWsa6KWrhCNvOjLAtST0aY7a1SACMUa,https://www.bmtpatent.com/patent-attorneys/jessica-babad,200
https://vertexaisearch.cloud.google.com/grounding-api-redirect/AUZIYQFAVVqR002yBW6bKAlyU1v7uxjsbrue3-M71tn35_aajWXZxFADuwxFWivuTrGsez3dU1XoEEhbrWYOVP_5ZtF2S48MppgyEKOrplc1wR-ZNZ0Q4T7ESyryJO0R9DWsa6KWrhCNvOjLAtST0aY7a1SACMUa,https://www.bmtpatent.com/patent-attorneys/jessica-babad,200
https://vertexaisearch.cloud.google.com/grounding-api-redirect/AUZIYQFAVVqR002yBW6bKAlyU1v7uxjsbrue3-M71tn35_aajWXZxFADuwxFWivuTrGsez3dU1XoEEhbrWYOVP_5ZtF2S48MppgyEKOrplc1wR-ZNZ0Q4T7ESyryJO0R9DWsa6KWrhCNvOjLAtST0aY7a1SACMUa,https://www.bmtpatent.com/patent-attorneys/jessica-babad,200
https://personal.utdallas.edu/~mcstefan/grad-students.html,https://personal.utdallas.edu/~mcstefan/grad-students.html,
https://personal.utdallas.edu/~mcstefan/grad-students.html,https://personal.utdallas.edu/~mcstefan/grad-students.html,
https://personal.utdallas.edu/~mcstefan/grad-students.html,https://personal.utdallas.edu/~mcstefan/grad-students.html,
https://personal.utdallas.edu/~mcstefan/grad-students.html,https://personal.utdallas.edu/~mcstefan/grad-students.html,
https://vertexaisearch.cloud.google.com/grounding-api-redirect/AUZIYQHSTuwarcc8qi40Fk17mG3xNIPbbQofgyw09HDUUJwvjcTUl9g1tLG83F3PEze8HXwaAmkERh7VLLPy_oN8SUcZIhADrhBZ7vWgxaVMgq6CaJzxfo8RpbdI18CtVan6v5ASShlk,https://www.fr.com/team/timothy-d-babatz/,200
https://vertexaisearch.cloud.google.com/grounding-api-redirect/AUZIYQHSTuwarcc8qi40Fk17mG3xNIPbbQofgyw09HDUUJwvjcTUl9g1tLG83F3PEze8HXwaAmkERh7VLLPy_oN8SUcZIhADrhBZ7vWgxaVMgq6CaJzxfo8RpbdI18CtVan6v5ASShlk,https://www.fr.com/team/timothy-d-babatz/,200
https://vertexaisearch.cloud.google.com/grounding-api-redirect/AUZIYQHSTuwarcc8qi40Fk17mG3xNIPbbQofgyw09HDUUJwvjcTUl9g1tLG83F3PEze8HXwaAmkERh7VLLPy_oN8SUcZIhADrhBZ7vWgxaVMgq6CaJzxfo8RpbdI18CtVan6v5ASShlk,https://www.fr.com/team/timothy-d-babatz/,200
https://vertexaisearch.cloud.google.com/grounding-api-redirect/AUZIYQGHfZzADj_G3B5vVR10Gc7YX56QsHmOwXeEnrsFCRMiNz0ga2j1ra9XY3jO83zohElRai7K6tNqkj1yn5JG_CyXy_tdFzcloRRg_WATAcATu1MYYqWciVofsiC35dBHVNsQzTfSI7R8Al-Q4E65hQ==,https://perkinscoie.com/professionals/emmanuel-azih,200
https://vertexaisearch.cloud.google.com/grounding-api-redirect/AUZIYQGHfZzADj_G3B5vVR10Gc7YX56QsHmOwXeEnrsFCRMiNz0ga2j1ra9XY3jO83zohElRai7K6tNqkj1yn5JG_CyXy_tdFzcloRRg_WATAcATu1MYYqWciVofsiC35dBHVNsQzTfSI7R8Al-Q4E65hQ==,https://perkinscoie.com/professionals/emmanuel-azih,200
https://vertexaisearch.cloud.google.com/grounding-api-redirect/AUZIYQGHfZzADj_G3B5vVR10Gc7YX56QsHmOwXeEnrsFCRMiNz0ga2j1ra9XY3jO83zohElRai7K6tNqkj1yn5JG_CyXy_tdFzcloRRg_WATAcATu1MYYqWciVofsiC35dBHVNsQzTfSI7R8Al-Q4E65hQ==,https://perkinscoie.com/professionals/emmanuel-azih,200
https://vertexaisearch.cloud.google.com/grounding-api-redirect/AUZIYQG7yOTAcJHBsK5aaLkJJRfp89cb-q6XRyHLRVpACWIEMzwz6ubmWqsaIE3AInjCLusNg4RT2wBxum2ilZAtLWIqbVqxXbxp7iG0uRUAiS1dxEcF3vH_Zk38-7AaGsMR-d0GUSBvO8VYtupmCTnsJwA=,https://vectoriplaw.com/professionals/robert-babayi/,200
https://vertexaisearch.cloud.google.com/grounding-api-redirect/AUZIYQG7yOTAcJHBsK5aaLkJJRfp89cb-q6XRyHLRVpACWIEMzwz6ubmWqsaIE3AInjCLusNg4RT2wBxum2ilZAtLWIqbVqxXbxp7iG0uRUAiS1dxEcF3vH_Zk38-7AaGsMR-d0GUSBvO8VYtupmCTnsJwA=,https://vectoriplaw.com/professionals/robert-babayi/,200
https://vertexaisearch.cloud.google.com/grounding-api-redirect/AUZIYQG7yOTAcJHBsK5aaLkJJRfp89cb-q6XRyHLRVpACWIEMzwz6ubmWqsaIE3AInjCLusNg4RT2wBxum2ilZAtLWIqbVqxXbxp7iG0uRUAiS1dxEcF3vH_Zk38-7AaGsMR-d0GUSBvO8VYtupmCTnsJwA=,https://vectoriplaw.com/professionals/robert-babayi/,200
https://www.leechtishman.com/professionals/w-thomas-babbitt/,https://www.leechtishman.com/professionals/w-thomas-babbitt/,404
https://www.leechtishman.com/professionals/w-thomas-babbitt/,https://www.leechtishman.com/professionals/w-thomas-babbitt/,404
https://www.leechtishman.com/professionals/w-thomas-babbitt/,https://www.leechtishman.com/professionals/w-thomas-babbitt/,404
https://www.leechtishman.com/professionals/w-thomas-babbitt/,https://www.leechtishman.com/professionals/w-thomas-babbitt/,404
https://vertexaisearch.cloud.google.com/grounding-api-redirect/AUZIYQEBpwBznHgAXCSYmgeUsDyACQA4O74VunmyvHsAwMjjvq6rvlL6JpX4zdCpgDesDKxG7Cq_MRRZh0QUo9T13xjOleR0bdZxYaHNBQZETXei822U5bdhA-iZcQwv50HXQoPbZG1ns9YitESL0ITbhe3ayD_D4Q==,https://www.kaufmandolowich.com/professional/jack-babchik/,200
https://vertexaisearch.cloud.google.com/grounding-api-redirect/AUZIYQEY7RoqONfvLri6Ql3fNdAm4zhz-aQcMZYLtvlGKys8vY76tw8yP5nIkMWldzE6cw7R20kT-QZH7sLve3S5GJS7FCE_ow-bUllIj5QZiVjfE2r-LeiQNP6kyooYUAe6uiLcAcgEsacRPS5yxFQPSVTw97U==,https://vertexaisearch.cloud.google.com/grounding-api-redirect/AUZIYQEY7RoqONfvLri6Ql3fNdAm4zhz-aQcMZYLtvlGKys8vY76tw8yP5nIkMWldzE6cw7R20kT-QZH7sLve3S5GJS7FCE_ow-bUllIj5QZiVjfE2r-LeiQNP6kyooYUAe6uiLcAcgEsacRPS5yxFQPSVTw97U==,404
https://vertexaisearch.cloud.google.com/grounding-api-redirect/AUZIYQEBpwBznHgAXCSYmgeUsDyACQA4O74VunmyvHsAwMjjvq6rvlL6JpX4zdCpgDesDKxG7Cq_MRRZh0QUo9T13xjOleR0bdZxYaHNBQZETXei822U5bdhA-iZcQwv50HXQoPbZG1ns9YitESL0ITbhe3ayD_D4Q== https://vertexaisearch.cloud.google.com/grounding-api-redirect/AUZIYQEY7RoqONfvLri6Ql3fNdAm4zhz-aQcMZYLtvlGKys8vY76tw8yP5nIkMWldzE6cw7R20kT-QZH7sLve3S5GJS7FCE_ow-bUllIj5QZiVjfE2r-LeiQNP6kyooYUAe6uiLcAcgEsacRPS5yxFQPSVTw97U==,https://vertexaisearch.cloud.google.com/grounding-api-redirect/AUZIYQEY7RoqONfvLri6Ql3fNdAm4zhz-aQcMZYLtvlGKys8vY76tw8yP5nIkMWldzE6cw7R20kT-QZH7sLve3S5GJS7FCE_ow-bUllIj5QZiVjfE2r-LeiQNP6kyooYUAe6uiLcAcgEsacRPS5yxFQPSVTw97U==,404
https://vertexaisearch.cloud.google.com/grounding-api-redirect/AUZIYQEBpwBznHgAXCSYmgeUsDyACQA4O74VunmyvHsAwMjjvq6rvlL6JpX4zdCpgDesDKxG7Cq_MRRZh0QUo9T13xjOleR0bdZxYaHNBQZETXei822U5bdhA-iZcQwv50HXQoPbZG1ns9YitESL0ITbhe3ayD_D4Q== https://vertexaisearch.cloud.google.com/grounding-api-redirect/AUZIYQEY7RoqONfvLri6Ql3fNdAm4zhz-aQcMZYLtvlGKys8vY76tw8yP5nIkMWldzE6cw7R20kT-QZH7sLve3S5GJS7FCE_ow-bUllIj5QZiVjfE2r-LeiQNP6kyooYUAe6uiLcAcgEsacRPS5yxFQPSVTw97U==,https://vertexaisearch.cloud.google.com/grounding-api-redirect/AUZIYQEY7RoqONfvLri6Ql3fNdAm4zhz-aQcMZYLtvlGKys8vY76tw8yP5nIkMWldzE6cw7R20kT-QZH7sLve3S5GJS7FCE_ow-bUllIj5QZiVjfE2r-LeiQNP6kyooYUAe6uiLcAcgEsacRPS5yxFQPSVTw97U==,404
https://www.sterlingtonpllc.com/team/brent-babcock/,https://www.sterlingtonpllc.com/team/brent-babcock/,
https://www.sterlingtonpllc.com/team/brent-babcock/,https://www.sterlingtonpllc.com/team/brent-babcock/,
https://www.sterlingtonpllc.com/team/brent-babcock/,https://www.sterlingtonpllc.com/team/brent-babcock/,
https://www.sterlingtonpllc.com/team/brent-babcock/,https://www.sterlingtonpllc.com/team/brent-babcock/,
https://www.sterlingtonpllc.com/team/brent-babcock/,https://www.sterlingtonpllc.com/team/brent-babcock/,
https://vertexaisearch.cloud.google.com/grounding-api-redirect/AUZIYQE8ZqBIMBxEf-dhDbFu_p51q1rIfKO84NiTgmiaDTSmKKGYGgo5JyfwcNPs9TGJ3v8d1Xt1JOuxiZYRRRaCyJ1rg7iQJUVEIMTU2_CMUWvQO5UhPzDyCaIQMgosR3noZ9IpPDR2xTlmWhyLovyWMMT0Zygp7Y9aq-zbbgv8958=,https://www.martindale.com/attorney/ryan-timothy-babcock-300432124/,200
https://vertexaisearch.cloud.google.com/grounding-api-redirect/AUZIYQE8ZqBIMBxEf-dhDbFu_p51q1rIfKO84NiTgmiaDTSmKKGYGgo5JyfwcNPs9TGJ3v8d1Xt1JOuxiZYRRRaCyJ1rg7iQJUVEIMTU2_CMUWvQO5UhPzDyCaIQMgosR3noZ9IpPDR2xTlmWhyLovyWMMT0Zygp7Y9aq-zbbgv8958=,https://www.martindale.com/attorney/ryan-timothy-babcock-300432124/,200
https://babcockiplaw.com/about/,https://www.babcockiplaw.com/about/,403
https://babcockiplaw.com/about/,https://www.babcockiplaw.com/about/,403
https://babcockiplaw.com/about/,https://www.babcockiplaw.com/about/,403
https://vertexaisearch.cloud.google.com/grounding-api-redirect/AUZIYQGXlNhcGqZXf7Tv_L7InxOhISGhWSDu5MkgNia5XSt2wBUjBtYX7W0rQnq_14ua6_5kWgf7EKTqDxZw7TLZcWUzo9tJo0OAtcYI797arsQt_Ay8NSEmYjes0svUY0r0CAYGcs3e832HodWrkpF3IkKbMQeM,https://marquistopengineers.com/2025/11/18/brian-babcock/,200
https://vertexaisearch.cloud.google.com/grounding-api-redirect/AUZIYQHK485q1B7yFt2is7q1WegTeo3QdzLFAJwJ3sVitvqR328cVCQ_35fC1enXw6vNp30Vrn8gzz8MdIs1HuYB7Cq3IpSC1kvN5Mx3sXNraItCnE9wwA36lmKC6eRxXcdNSWdU6s0ERrt_3A8j0a2A8_9TEZo5Nh8=,https://www.surnetics.com/testimonial-view/brian-babcock-2/,406
https://vertexaisearch.cloud.google.com/grounding-api-redirect/AUZIYQGXlNhcGqZXf7Tv_L7InxOhISGhWSDu5MkgNia5XSt2wBUjBtYX7W0rQnq_14ua6_5kWgf7EKTqDxZw7TLZcWUzo9tJo0OAtcYI797arsQt_Ay8NSEmYjes0svUY0r0CAYGcs3e832HodWrkpF3IkKbMQeM https://vertexaisearch.cloud.google.com/grounding-api-redirect/AUZIYQHK485q1B7yFt2is7q1WegTeo3QdzLFAJwJ3sVitvqR328cVCQ_35fC1enXw6vNp30Vrn8gzz8MdIs1HuYB7Cq3IpSC1kvN5Mx3sXNraItCnE9wwA36lmKC6eRxXcdNSWdU6s0ERrt_3A8j0a2A8_9TEZo5Nh8=,https://www.surnetics.com/testimonial-view/brian-babcock-2/,406
https://vertexaisearch.cloud.google.com/grounding-api-redirect/AUZIYQGXlNhcGqZXf7Tv_L7InxOhISGhWSDu5MkgNia5XSt2wBUjBtYX7W0rQnq_14ua6_5kWgf7EKTqDxZw7TLZcWUzo9tJo0OAtcYI797arsQt_Ay8NSEmYjes0svUY0r0CAYGcs3e832HodWrkpF3IkKbMQeM https://vertexaisearch.cloud.google.com/grounding-api-redirect/AUZIYQHK485q1B7yFt2is7q1WegTeo3QdzLFAJwJ3sVitvqR328cVCQ_35fC1enXw6vNp30Vrn8gzz8MdIs1HuYB7Cq3IpSC1kvN5Mx3sXNraItCnE9wwA36lmKC6eRxXcdNSWdU6s0ERrt_3A8j0a2A8_9TEZo5Nh8=,https://www.surnetics.com/testimonial-view/brian-babcock-2/,406
https://med.fsu.edu/alumni/profile/joseph-patrick-babcock-md,https://med.fsu.edu/alumni/profile/joseph-patrick-babcock-md,404
https://med.fsu.edu/alumni/profile/joseph-patrick-babcock-md,https://med.fsu.edu/alumni/profile/joseph-patrick-babcock-md,404
https://med.fsu.edu/alumni/profile/joseph-patrick-babcock-md,https://med.fsu.edu/alumni/profile/joseph-patrick-babcock-md,404
https://med.fsu.edu/alumni/profile/joseph-patrick-babcock-md,https://med.fsu.edu/alumni/profile/joseph-patrick-babcock-md,404
https://vertexaisearch.cloud.google.com/grounding-api-redirect/AUZIYQHyBejNQNjx6N38qKj47ACS0U0rU0fxWmQCD-4U_doIMcZAV59OHJTnrZdE5xe1lXdEiY-2Mcid3TZ96_idQu69LomC6DTyXHK3PAifDfMBg7XjBabAJcmXj41hc-g=,https://www.mbip-law.com/attorneys,200
https://vertexaisearch.cloud.google.com/grounding-api-redirect/AUZIYQHyBejNQNjx6N38qKj47ACS0U0rU0fxWmQCD-4U_doIMcZAV59OHJTnrZdE5xe1lXdEiY-2Mcid3TZ96_idQu69LomC6DTyXHK3PAifDfMBg7XjBabAJcmXj41hc-g=,https://www.mbip-law.com/attorneys,200
https://vertexaisearch.cloud.google.com/grounding-api-redirect/AUZIYQHyBejNQNjx6N38qKj47ACS0U0rU0fxWmQCD-4U_doIMcZAV59OHJTnrZdE5xe1lXdEiY-2Mcid3TZ96_idQu69LomC6DTyXHK3PAifDfMBg7XjBabAJcmXj41hc-g=,https://www.mbip-law.com/attorneys,200
https://vertexaisearch.cloud.google.com/grounding-api-redirect/AUZIYQFk6uS2_e0S-QjbEbTt3w85yLTGYHPjhL1tCvY3Y9cehHL1f8OspxK3S58jZ0rzWjSSEJnlLs8SqIT62pITTq0EVhMPifbKZOqdWPtNfN0rWLcs23SbYH6YS4C_MWY6u--dkA0dCrbZP2LjVZtMkIlVLw==,https://www.fr.com/team/james-w-babineau.pdf?locale=en,200
https://vertexaisearch.cloud.google.com/grounding-api-redirect/AUZIYQFk6uS2_e0S-QjbEbTt3w85yLTGYHPjhL1tCvY3Y9cehHL1f8OspxK3S58jZ0rzWjSSEJnlLs8SqIT62pITTq0EVhMPifbKZOqdWPtNfN0rWLcs23SbYH6YS4C_MWY6u--dkA0dCrbZP2LjVZtMkIlVLw==,https://www.fr.com/team/james-w-babineau.pdf?locale=en,200
https://vertexaisearch.cloud.google.com/grounding-api-redirect/AUZIYQFk6uS2_e0S-QjbEbTt3w85yLTGYHPjhL1tCvY3Y9cehHL1f8OspxK3S58jZ0rzWjSSEJnlLs8SqIT62pITTq0EVhMPifbKZOqdWPtNfN0rWLcs23SbYH6YS4C_MWY6u--dkA0dCrbZP2LjVZtMkIlVLw==,https://www.fr.com/team/james-w-babineau.pdf?locale=en,200
https://vertexaisearch.cloud.google.com/grounding-api-redirect/AUZIYQFk6uS2_e0S-QjbEbTt3w85yLTGYHPjhL1tCvY3Y9cehHL1f8OspxK3S58jZ0rzWjSSEJnlLs8SqIT62pITTq0EVhMPifbKZOqdWPtNfN0rWLcs23SbYH6YS4C_MWY6u--dkA0dCrbZP2LjVZtMkIlVLw==,https://www.fr.com/team/james-w-babineau.pdf?locale=en,200
https://vertexaisearch.cloud.google.com/grounding-api-redirect/AUZIYQG4IgzUE3BP42icfXV3e2rllQr7adfw4DroOY_u3YpwKzNEzjXLKSynU0vxxtFIpdeonVhAAEd36umSKpQhEGnU6PvZoIr2Ii0JEvM9-bP6A2UMbKraxHk1SNF1Kkno9-GwcH07dKW-9wC4nFruDV0,https://www.kyocera-avx.com/we-are-kavx/evan-babula/,200
https://vertexaisearch.cloud.google.com/grounding-api-redirect/AUZIYQG4IgzUE3BP42icfXV3e2rllQr7adfw4DroOY_u3YpwKzNEzjXLKSynU0vxxtFIpdeonVhAAEd36umSKpQhEGnU6PvZoIr2Ii0JEvM9-bP6A2UMbKraxHk1SNF1Kkno9-GwcH07dKW-9wC4nFruDV0,https://www.kyocera-avx.com/we-are-kavx/evan-babula/,200
https://www.btlaw.com/en/people/eric-babych,https://btlaw.com/en/people/eric-babych,200
https://www.martindale.com/attorney/mr-eric-d-babych-919865196/,https://www.martindale.com/search/attorneys-law-firms-articles/?term=mr%20eric%20d%20babych,200
https://www.btlaw.com/en/people/eric-babych,https://btlaw.com/en/people/eric-babych,200
https://www.btlaw.com/en/people/eric-babych,https://btlaw.com/en/people/eric-babych,200
https://www.traskbritt.com/professionals/andrew-j-baca/,https://www.traskbritt.com/bio/andrew-j-baca/,200
https://www.calbar.ca.gov/Attorneys/Attorney-Search/Profile?StateBarNumber=247639,https://www.calbar.ca.gov/Attorneys/Attorney-Search/Profile?StateBarNumber=247639,200
https://www.martindale.com/attorney/mr-andrew-joseph-baca-1587895/,https://www.martindale.com/search/attorneys-law-firms-articles/?term=mr%20andrew%20joseph%20baca,200
https://www.traskbritt.com/professionals/andrew-j-baca/,https://www.traskbritt.com/bio/andrew-j-baca/,200
https://www.traskbritt.com/professionals/andrew-j-baca/,https://www.traskbritt.com/bio/andrew-j-baca/,200
https://vertexaisearch.cloud.google.com/grounding-api-redirect/AUZIYQHHPOxjNU13COwAt8gMLQqupjTXsQbCmxFEyvfpNIFhBjJtdswuqe7-CqaEqOb1Ngtlz0boTc_DBgwXqu3HCYLBch407BHA_FZz4shXF7Op6tXGfJiuC_STj5h89IN2nj27VEKgXaB3PCw1umO1G-r0UI3kiOjiI62tp4IR0Qih5xbx9UMppPHC2xVbEtLOgzcQdoRs0o7qoREUK8jNPKY7E6xmeUILSGa9msCosFlJASHTdwewG2CHC3oKgl7sM6wVrRanxrMz1a8O,https://vertexaisearch.cloud.google.com/grounding-api-redirect/AUZIYQHHPOxjNU13COwAt8gMLQqupjTXsQbCmxFEyvfpNIFhBjJtdswuqe7-CqaEqOb1Ngtlz0boTc_DBgwXqu3HCYLBch407BHA_FZz4shXF7Op6tXGfJiuC_STj5h89IN2nj27VEKgXaB3PCw1umO1G-r0UI3kiOjiI62tp4IR0Qih5xbx9UMppPHC2xVbEtLOgzcQdoRs0o7qoREUK8jNPKY7E6xmeUILSGa9msCosFlJASHTdwewG2CHC3oKgl7sM6wVrRanxrMz1a8O,404
https://vertexaisearch.cloud.google.com/grounding-api-redirect/AUZIYQHHPOxjNU13COwAt8gMLQqupjTXsQbCmxFEyvfpNIFhBjJtdswuqe7-CqaEqOb1Ngtlz0boTc_DBgwXqu3HCYLBch407BHA_FZz4shXF7Op6tXGfJiuC_STj5h89IN2nj27VEKgXaB3PCw1umO1G-r0UI3kiOjiI62tp4IR0Qih5xbx9UMppPHC2xVbEtLOgzcQdoRs0o7qoREUK8jNPKY7E6xmeUILSGa9msCosFlJASHTdwewG2CHC3oKgl7sM6wVrRanxrMz1a8O,https://vertexaisearch.cloud.google.com/grounding-api-redirect/AUZIYQHHPOxjNU13COwAt8gMLQqupjTXsQbCmxFEyvfpNIFhBjJtdswuqe7-CqaEqOb1Ngtlz0boTc_DBgwXqu3HCYLBch407BHA_FZz4shXF7Op6tXGfJiuC_STj5h89IN2nj27VEKgXaB3PCw1umO1G-r0UI3kiOjiI62tp4IR0Qih5xbx9UMppPHC2xVbEtLOgzcQdoRs0o7qoREUK8jNPKY7E6xmeUILSGa9msCosFlJASHTdwewG2CHC3oKgl7sM6wVrRanxrMz1a8O,404
https://vertexaisearch.cloud.google.com/grounding-api-redirect/AUZIYQHHPOxjNU13COwAt8gMLQqupjTXsQbCmxFEyvfpNIFhBjJtdswuqe7-CqaEqOb1Ngtlz0boTc_DBgwXqu3HCYLBch407BHA_FZz4shXF7Op6tXGfJiuC_STj5h89IN2nj27VEKgXaB3PCw1umO1G-r0UI3kiOjiI62tp4IR0Qih5xbx9UMppPHC2xVbEtLOgzcQdoRs0o7qoREUK8jNPKY7E6xmeUILSGa9msCosFlJASHTdwewG2CHC3oKgl7sM6wVrRanxrMz1a8O,https://vertexaisearch.cloud.google.com/grounding-api-redirect/AUZIYQHHPOxjNU13COwAt8gMLQqupjTXsQbCmxFEyvfpNIFhBjJtdswuqe7-CqaEqOb1Ngtlz0boTc_DBgwXqu3HCYLBch407BHA_FZz4shXF7Op6tXGfJiuC_STj5h89IN2nj27VEKgXaB3PCw1umO1G-r0UI3kiOjiI62tp4IR0Qih5xbx9UMppPHC2xVbEtLOgzcQdoRs0o7qoREUK8jNPKY7E6xmeUILSGa9msCosFlJASHTdwewG2CHC3oKgl7sM6wVrRanxrMz1a8O,404
